trigger,text,weight,size,position,color,minHeat,buzz
# 配信コメント（ニコニコ式）。列の意味は StreamingCommentCatalog.cs の先頭コメントを参照
# 置換: {hero} {enemy} {item} {price} {viewers}
BattleStart,わこつ,3
BattleStart,わこつー,2
BattleStart,こんばんは,1
BattleStart,待機してた,1
BattleStart,はじまった,1
BattleStart,今日はどこ潜るの,1
BattleStart,わこつです,1
BattleStart,初見です,1
BattleStart,wktk,1
BattleStart,今日の装備つよそう,1
BattleStart,わこつ,1,Big,Flow,yellow,60
Idle,wktk,2
Idle,ｗｗｗ,1
Idle,勇者がんばれ,2
Idle,作業用にちょうどいい,1
Idle,今北産業,1
Idle,この店の剣ほしい,1
Idle,BGMすき,1
Idle,初見,1
Idle,{hero}の動き好き,1
Idle,あの装備どこで売ってる？,1
Idle,テンポいいな,1
Idle,おもしろい,1
Idle,ここすき,1
Idle,見てるよー,1
Idle,勇者の髪型すき,1
Idle,今日も平和,1
Idle,通知きたから来た,1
Idle,同接{viewers}人すごい,0.6,Small,Flow,white,40
Idle,この配信伸びるぞ,0.8,Medium,Flow,white,50
Idle,神回の予感,0.8,Medium,Flow,yellow,70
Idle,盛り上がってきた,1,Medium,Flow,white,60
Idle,過疎ってる？,1,Small,Flow,white,0
Idle,静かだな,0.6,Small,Flow,white,0
Idle,トコの店ここ？,1
Idle,なにこれ商品も買えるの,1
Idle,ポチる準備はできてる,1
Idle,バズってて草,1.5,Medium,Flow,white,0,Buzz
Idle,トレンド入りおめ,1,Medium,Flow,yellow,0,Buzz
Idle,バズから来ました,1.5,Medium,Flow,white,0,Buzz
Idle,祭り会場はここですか,1.5,Medium,Flow,orange,0,SuperBuzz
Idle,サーバー落ちそう,1,Medium,Flow,white,0,SuperBuzz
Idle,伝説の配信,1,Big,Flow,yellow,0,SuperBuzz
Idle,なんか燃えてるらしい,1.5,Medium,Flow,white,0,Flame
Idle,火事場見物,1,Medium,Flow,white,0,Flame
Idle,通報しますた,0.6,Small,Flow,white,0,Flame
HeroAttack,いけー,2
HeroAttack,そこだ,1
HeroAttack,きれいに入った,1
HeroAttack,つよい,1
HeroAttack,ナイス,1
HeroAttack,はやい,1
HeroAttack,{enemy}かわいそう,0.5
HeroAttack,剣の音いいな,0.5
HeroCritical,つっよ,2
HeroCritical,一撃ｗｗｗ,1.5
HeroCritical,かっけええ,1
HeroCritical,ワンパンで草,1.5
HeroCritical,その剣なに？,1.5,Medium,Flow,yellow
HeroCritical,装備の性能えぐい,1
HeroCritical,キタ━━━!!,1,Big,Flow,white
HeroDamaged,いてぇ,2
HeroDamaged,あぶない,1
HeroDamaged,ガードしろ,1
HeroDamaged,ちょ,1
HeroDamaged,痛そう,1
HeroDamaged,{enemy}つよくね？,1
HeroDamaged,防具ちゃんと買った？,1
HeroDamaged,まだまだ,1
HeroPinch,やばいやばい,2,Medium,Flow,red
HeroPinch,回復して！,1.5
HeroPinch,HPやばくね,1.5
HeroPinch,オワタ,1
HeroPinch,勇者しっかり,1
HeroPinch,ピンチ！,1,Big,Top,red
HeroPinch,ここから逆転だろ,1
HeroPinch,手に汗,1
EnemyDefeated,888888,3
EnemyDefeated,8888,2
EnemyDefeated,ナイス！,1.5
EnemyDefeated,つええ,1
EnemyDefeated,{enemy}乙,1.5
EnemyDefeated,討伐完了,1
EnemyDefeated,いいぞ,1
EnemyDefeated,さすが,1
EnemyDefeated,GG,1
EnemyDefeated,ないすー,1
BossAppeared,ボスきた,3,Medium,Flow,orange
BossAppeared,でかい,2
BossAppeared,BGM変わった,1
BossAppeared,ここからが本番,1.5
BossAppeared,ﾜｸﾃｶ,1
BossAppeared,ラスボス感,1
BossAppeared,ボス戦wktk,1.5
BossAppeared,勝てるのかこれ,1
BossAppeared,覚悟しろ,1
BossAppeared,来るぞ…！,1,Big,Top,red
BossAppeared,ボス出現,1,Big,Top,orange
BossDefeated,うおおおおお,3,Big,Flow,yellow
BossDefeated,888888888,3
BossDefeated,神回,2,Big,Flow,yellow
BossDefeated,ボス撃破！,1,Big,Top,yellow
BossDefeated,かっこよすぎ,1.5
BossDefeated,鳥肌たった,1
BossDefeated,泣いた,1
BossDefeated,伝説を見た,1
BossDefeated,つよすぎて草,1.5
BossDefeated,{enemy}ありがとう,0.8
BossDefeated,おめでとう！,1.5,Medium,Flow,pink
WaveCleared,次いこう,1
WaveCleared,ナイスウェーブ,1
WaveCleared,まだいるのか,1
WaveCleared,休憩タイム,1
ItemSold,{item}ポチった,3
ItemSold,{item}買った,2
ItemSold,買ったｗ,1.5
ItemSold,{item}いいな,1
ItemSold,財布が軽くなった,1
ItemSold,{item}届くの楽しみ,1
ItemSold,勇者と同じの欲しい,1
ItemSold,{price}Gは安い,0.8
ItemSold,衝動買いした,1
ItemSold,商売上手で草,1
StockDepleted,売り切れ草,3
StockDepleted,もう売り切れ？,2
StockDepleted,{item}完売,1.5,Medium,Flow,yellow
StockDepleted,転売ヤーおるな,1
StockDepleted,再入荷はよ,1.5
StockDepleted,買えなかった…,1
StockDepleted,完売御礼,1,Big,Top,yellow
StockDepleted,間に合わなかった,1
HeatUp,盛り上がってきた！,2
HeatUp,伸びてる,1.5
HeatUp,神回の予感,1,Medium,Flow,yellow
HeatUp,人増えてきた,1.5
HeatUp,ｷﾀ━━━━!!,1
HeatUp,弾幕はれ,1
HeatUp,神配信,1,Big,Flow,yellow,75
HeatDown,あれ…,1
HeatDown,ちょっと落ち着いた,1
HeatDown,まったり,1
HeatDown,ねむい,1
Victory,うぽつ,3
Victory,おつー,2
Victory,クリアおめ,2,Medium,Flow,pink
Victory,888888,2
Victory,完全勝利,1,Big,Top,yellow
Victory,つよかった,1
Victory,また見に来る,1
Victory,今日の配信よかった,1
Victory,{hero}最強,1
Victory,楽しかった,1
Defeat,ああああ,3
Defeat,勇者ーーー！,2,Big,Flow,red
Defeat,おつ…,2
Defeat,ドンマイ,2
Defeat,次がある,1.5
Defeat,泣いた,1
Defeat,装備がたりなかった,1
Defeat,これは悔しい,1
Defeat,全滅…,1,Big,Top,red
Defeat,魔物つよすぎ,1
# ── 介入・スパチャ（Docs/Streaming_Redesign.md §4・§5）──
SuperChat,ナイスパ,3
SuperChat,スパチャ助かる,2
SuperChat,金持ちおるな,1
SuperChat,投げ銭ニキ乙,1
SuperChat,ナイス投げ銭,2
RedSuperChat,赤スパきたああ,3,Medium
RedSuperChat,石油王降臨,2,Medium
RedSuperChat,赤スパ!?,2
RedSuperChat,ｷﾀ━━━(ﾟ∀ﾟ)━━━!!,2
RedSuperChat,富豪おって草,1
RedSuperChat,888888,2
InterventionHeal,回復助かる,3
InterventionHeal,ナイス回復,2
InterventionHeal,まだいける,2
InterventionHeal,延命ｷﾀ,1
InterventionSkill,スキルきた,3
InterventionSkill,狙い撃ち,2
InterventionSkill,そこだ！,2
InterventionSkill,その剣なに？,2
SpecialMove,うおおおお,4,Big
SpecialMove,必殺技きたああ,3,Medium
SpecialMove,うおおおおおおお,2,Medium
SpecialMove,その剣なに？,2
SpecialMove,かっけええ,2
SpecialMove,鳥肌,1
SpecialMove,888888,2
DungeonTrap,罠www,3
DungeonTrap,足元注意,2
DungeonTrap,誰だ罠置いたの,2
DungeonCurse,呪われてて草,3
DungeonCurse,なんか弱くなってない？,2
DungeonCurse,デバフきた,2
DungeonReinforce,なんか湧いた,3
DungeonReinforce,増援きたwww,2
DungeonReinforce,おかわり入りまーす,2
DungeonReinforce,配信延長確定,1
DungeonBossBuff,ボス強くなってない？,3
DungeonBossBuff,ボスガチ勢,2
DungeonBossBuff,これ勝てるの？,2
DungeonBossBuff,魔王軍の本気,1
