Command,Arg1,Arg2,Arg3,Arg4,Arg5,Arg6,WaitType,Text,PageCtrl,Voice,WindowType
//ゲーム開始直後,,,,,,,,,,,
*Tutorial_Opening,,,,,,,,,,,
,トコ,01_通常,CharacterLayer,,,,,"私はトコ！　流行がすべての国『トムトムランド』で新米商人をしてるんだ！",,,
,トコ,02_笑顔,CharacterLayer,,,,,"だけど、父さんと母さんからこのお店を継いで一日目……",,,
,トコ,08_驚き,CharacterLayer,,,,,"並んでる商品がどれも時代遅れ！\nトレンドから完全に取り残されてるよー。",,,
,トコ,08_驚き,CharacterLayer,,,,,"このままじゃ、お店が潰れちゃう！",,,
EndScenario,,,,,,,,,,,
,,,,,,,,,,,
//通常営業チュートリアル　鍛冶屋へ誘導するまで,,,,,,,,,,,
*Tutorial_ShopBasics,,,,,,,,,,,
,トコ,01_通常,CharacterLayer,,,,,"まずは基本から！　自分で新しい商品を仕入れて、お店に並べてみよう！",,,
,トコ,01_通常,CharacterLayer,,,,,"最初は鍛冶屋に行って商品を調達しないとだね。",,,
EndScenario,,,,,,,,,,,
,,,,,,,,,,,
//鍛冶屋に入ったとき,,,,,,,,,,,
*Tutorial_Blacksmith,,,,,,,,,,,
,鍛冶屋,01_通常,CharacterLayer,,,,,"ああ。トコか。",,,
,トコ,01_通常,CharacterLayer,,,,,"こんにちは！　鍛冶屋さん！",,,
,鍛冶屋,10_真剣,CharacterLayer,,,,,"仕入れだな。商品を選んで数を指定して『仕入れる』んだ。",,,
,鍛冶屋,02_笑顔,CharacterLayer,,,,,"もし選びに困ったら、『オート購入』を使うと良い。\nオレがおすすめの品を見繕ってやるよ。",,,
,トコ,03_大笑い,CharacterLayer,,,,,"本当！？　助かるよ！　じゃあ早速試してみようっと！",,,
EndScenario,,,,,,,,,,,
,,,,,,,,,,,
//仕入れを終えて店に戻ったとき,,,,,,,,,,,
*Tutorial_AfterProcurement,,,,,,,,,,,
,トコ,01_通常,CharacterLayer,,,,,"仕入れが完了したよ！　それじゃあ『次へ』を押して陳列に進もう。",,,
EndScenario,,,,,,,,,,,
,,,,,,,,,,,
//商品陳列フェーズに入ったとき,,,,,,,,,,,
*Tutorial_Display,,,,,,,,,,,
,トコ,12_ドヤ顔,CharacterLayer,,,,,"『商品陳列』でさっき買った商品を陳列していこう！\n『オート陳列』で私がサクッと並べちゃうからね！",,,
,トコ,01_通常,CharacterLayer,,,,,"アイテムアイコンをクリックすると商品の詳細を見ることができるよ。\n商品の陳列が完了したら、『次へ』から営業開始しよう！",,,
EndScenario,,,,,,,,,,,
,,,,,,,,,,,
//占い師との出会い　起動から2ターン目,,,,,,,,,,,
*Tutorial_ProphetMeeting,,,,,,,,,,,
,トコ,04_困り,CharacterLayer,,,,,"ふぅ……なんとか少しは売れたけど……",,,
,トコ,04_困り,CharacterLayer,,,,,"地道に稼ぐのも大事だけど、なんかこう……刺激が足りない！",,,
,トコ,07_怒り,CharacterLayer,,,,,"町中のみんなが熱狂するような、特大のなにかが欲しい……！",,,
//？？？はCharacterシート未登録のため名前欄のみ表示され立ち絵は出ない,,,,,,,,,,,
,？？？,,CharacterLayer,,,,,"ふふ……君、イイ欲を持っているね。",,,
,トコ,08_驚き,CharacterLayer,,,,,"えっ！？ 誰、急に……ってうさんくさっ！",,,
,占い師,12_ドヤ顔,CharacterLayer,,,,,"ボクは占い師。極上のバズを求める君に、この『テレクリスタル』をあげよう。",,,
,トコ,04_困り,CharacterLayer,,,,,"バ、バズ……？　それに一体なんなの？　テレクリスタルって……",,,
,占い師,10_真剣,CharacterLayer,,,,,"このテレクリスタルを使えば、遠くにいる勇者の冒険をこの町に届けられる。",,,
,トコ,08_驚き,CharacterLayer,,,,,"そんなことが……！　じゃあ、これを利用すれば……",,,
,占い師,02_笑顔,CharacterLayer,,,,,"そう。人々は夢中になる。さあ、早速広場で試してみよう。",,,
EndScenario,,,,,,,,,,,
,,,,,,,,,,,
//配信チュートリアル　配信準備画面にて,,,,,,,,,,,
*Tutorial_StreamingPrepare,,,,,,,,,,,
,占い師,01_通常,CharacterLayer,,,,,"まずは、広場で売る商品を選ぶんだ。今回はボクが用意したものを使うと良いよ。\n売り出す商品が決まったら『配信開始』だ。",,,
EndScenario,,,,,,,,,,,
,,,,,,,,,,,
//配信チュートリアル　配信開始直後,,,,,,,,,,,
*Tutorial_StreamingStart,,,,,,,,,,,
,トコ,08_驚き,CharacterLayer,,,,,"わあ！　画面に勇者さまの冒険がリアルタイムで映ってる！",,,
,占い師,01_通常,CharacterLayer,,,,,"さあ、配信が始まったね。\n左のアイテム欄から商品をドラッグして、下の店頭に並べるんだ。",,,
,占い師,12_ドヤ顔,CharacterLayer,,,,,"ここがトコちゃんの腕の見せ所さ。\n勇者の戦闘状況に合わせて売れる商品は刻一刻と変わっていく。",,,
,トコ,03_大笑い,CharacterLayer,,,,,"なるほど！　配信を観ながら、今一番売れそうな商品を予想して並べ替えていくんだね！",,,
,占い師,02_笑顔,CharacterLayer,,,,,"その通り。さあ、商品を並べて、販売開始だ！",,,
EndScenario,,,,,,,,,,,
,,,,,,,,,,,
//配信チュートリアル終了　お店にて,,,,,,,,,,,
*Tutorial_StreamingEnd,,,,,,,,,,,
,占い師,12_ドヤ顔,CharacterLayer,,,,,"どうだったかな？　自分の手でバズを操る気分は。",,,
,トコ,10_真剣,CharacterLayer,,,,,"……最高。",,,
,トコ,09_照れ,CharacterLayer,,,,,"これが……バズなんだ！！！",,,
,占い師,01_通常,CharacterLayer,,,,,"気に入ってくれたようで何よりだよ。",,,
,占い師,02_笑顔,CharacterLayer,,,,,"それじゃ本題なんだけど\n＿＿定期的なテレクリスタルの使用料をよろしく頼むよ～。",,,
,トコ,10_真剣,CharacterLayer,,,,,"……え？",,,
,占い師,02_笑顔,CharacterLayer,,,,,"世の中そんなに甘くないさ。維持費として、これからは定期的に使用料を払ってもらうからね。",,,
,トコ,05_悲しい,CharacterLayer,,,,,"うぅ……でも、バズの快感を知っちゃったからには、もう手放せないよ……。",,,
,占い師,02_笑顔,CharacterLayer,,,,,"ふふ。なら、せいぜい頑張って稼ぐことだね。\nそのためにも、もっと色んな場所を巡って人脈を広げていくといい。",,,
,占い師,01_通常,CharacterLayer,,,,,"ボクも今後、ちょくちょく商売のコツを教えに来てあげるからね。",,,
,トコ,03_大笑い,CharacterLayer,,,,,"よーし、色んな人と関わって、トムトムランドで一番の商人になってみせるぞー！",,,
EndScenario,,,,,,,,,,,
