id	category	page	sourceClarity	headline	lead	body	byline	crossRefGroup	truth	targetAttribute	targetType	targetItemId	trendDelta	demandKick	hypeRate	durationTurns	followUpId	condition	weight	summaryEn
N001	dungeon	front	confirmed	氷結種の大量発生を確認	北の氷原地帯で、氷結種と呼ばれる魔物の大群が確認された。周辺の交易路にも影響が及ぶ恐れがある。	ギルドの調査隊によれば、個体はいずれも厚い氷の甲殻に覆われており、並の刃ではほとんど傷がつかないという。討伐隊の編成が急がれている。	トレイシー・モルガン	ICE_OUTBREAK	true	Fire	Weapon		0.6	0.06	1.06	4			3	Ice-type monsters swarm in the northern plains; their thick frozen shells resist ordinary blades.
N002	dungeon	second	presumed	火山帯の噴火、収まる気配なし	灼熱の火山牢の周辺で噴火が続いている。立ち入る者は熱波に長時間さらされることになる。	現地に入った冒険者は口をそろえて「息をするのも辛い」と語る。装備の選び方ひとつで生還率が変わるという声もある。	イザベラ・ハートウェル	VOLCANO	true	Water	Armor		0.6	0.06	1.04	4			3	Continuous volcanic eruption exposes adventurers to prolonged intense heat.
N003	hero	front	confirmed	勇者、格上の依頼を受注	勇者が実力より一段上の討伐依頼を引き受けたことが分かった。報酬も相応に高い。	ギルドの職員は「今の装備のままでは厳しい」と漏らす。本人は出発前に店を回るつもりだと話しており、資金にも余裕があるようだ。	ルーファス・グレインズ		true		Weapon		0.35	0.04	1.04	3			2	The hero accepted a quest above their level and has money to spend before departing.
N004	rival	market	presumed	風斬り隊、刃物を大量に買い付け	南方で活動する風斬り隊が、複数の商会から刃物をまとめて買い付けたとの情報がある。	買い付けの対象は風をまとう類の得物に偏っていたという。彼らが次にどこへ向かうのかは明らかになっていない。	メリッサ・コースト	WIND_BUY	true	Wind	Weapon		0.55	0.05	1.05	3			2	A rival party bulk-bought wind-attribute blades from several merchants.
N005	supply	front	confirmed	東部鉱山で落盤事故	東部辺境の鉱山で落盤事故が発生した。負傷者が多数出ており、採掘は当面止まる見通し。	この鉱山は硬質の鉱石の主要な産地で、各地の工房が原料をここに頼っている。復旧の目処は立っていない。	グラハム・ベネット	MINE_COLLAPSE	true	Earth	Armor		0.45	0.04	1.03	4			2	A cave-in halted the eastern mine, the main source of hard ore for armorers.
N006	culture	rumor	anonymous	聖歌隊の巡礼、まもなく街へ	白衣の聖歌隊が巡礼の途上で当地を通るらしい。沿道には早くも人が集まりはじめている。	見物に出る者は身なりを整えるものだ、という声が方々で聞かれる。装いに光を添える品が好まれているとか。		PILGRIM	true	Light			0.5	0.05	1.02	3			2	A pilgrimage choir is arriving; townsfolk are dressing up to see them.
N007	culture	rumor	anonymous	墓地でまた人影を見たという話	郊外の古い墓地で、夜更けに人影を見たという話がまた出ている。真偽のほどは定かでない。	見たという者は決まって「近づくと消えた」と言う。以前にも同じ噂が流れ、結局は何も起きなかった。		GRAVEYARD	false	Dark	Weapon		0.6	0.06	1.02	3			2	Rumor of figures in the graveyard at night; the same rumor circulated before and came to nothing.
N008	rival	market	presumed	隣街の商会、水の品を押さえる	隣街の大きな商会が、水にまつわる品を手広く押さえているとの話が入っている。	仕入れ担当は理由を語らないが、相当な量を動かしているらしい。なにか掴んでいるのではという見方もある。	メリッサ・コースト	VOLCANO	true	Water			0.4	0.04	1.03	3			2	A neighboring trading house is quietly cornering water-attribute goods.
N009	dungeon	front	confirmed	獣の群れ、森を出て南下	深緑の獣林から獣の群れが南へ移動している。街道沿いの集落では警戒が強まっている。	群れは大型の個体を含み、まともに組み合えば無傷では済まないという。街道を使う者は身を固めて出るよう呼びかけられている。	トレイシー・モルガン	BEAST_MIGRATION	true		Armor		0.45	0.05	1.04	3			2	A beast herd is migrating south along the highway; travelers are told to armor up.
N010	economy	front	confirmed	王都議会、防具への課税を可決	王都議会が防具の取引に新たな税を課す法案を可決した。来月より段階的に施行される。	各商会は仕入れの見直しを迫られる見通し。買い控えの動きが出るのではないかと懸念する声もある。	ルーファス・グレインズ	ARMOR_TAX	true		Armor		-0.4	0.00	1.00	4			2	The royal council passed a new tax on armor trading, likely dampening demand.
