eventId	category	scale	sign	targetRule	binds	truthWeights	hasResult	condition	weight	cooldown	summaryEn	family	difficulty	rarity	arcId	arcStep	arcNext
EV_ICE_OUTBREAK	dungeon	large	1	L1:{dungeon}	dungeon=IceMistCave	true:0.8,exaggerated:0.15,false:0.05	true		6	10	Ice-shelled monsters swarm around {dungeon}; ordinary blades barely scratch them and hunters talk of smashing rather than cutting.	EV_ICE_OUTBREAK	easy	common			
EV_VOLCANO	dungeon	medium	1	L2:{dungeon}	dungeon=ScorchingVolcanoPrison	true:0.75,exaggerated:0.15,false:0.10	true		6	10	{dungeon} keeps erupting; anyone entering is exposed to long, intense heat and survival depends on what they wear.	EV_VOLCANO	easy	common			
EV_BEAST_MIGRATION	dungeon	medium	1	L2:{dungeon}	dungeon=DeepGreenBeastForest	true:0.75,exaggerated:0.15,false:0.10	true		4	10	A fast beast herd from {dungeon} roams the highway; travelers are told to protect themselves before setting out.	EV_BEAST_MIGRATION	normal	common			
EV_DUNGEON_SURGE_VOLCANO	dungeon	large	1	L1:{dungeon}	dungeon=next	true:0.75,exaggerated:0.15,false:0.10	true	nextDungeon=ScorchingVolcanoPrison	6	10	fire-wreathed monsters in {dungeon} have grown aggressive; hunting parties cannot finish them off without weapons that exploit their weakness.	EV_DUNGEON_SURGE	easy	common			
EV_DUNGEON_SURGE_ICE	dungeon	large	1	L1:{dungeon}	dungeon=next	true:0.75,exaggerated:0.15,false:0.10	true	nextDungeon=IceMistCave	6	10	monsters clad in water and ice in {dungeon} have grown aggressive; hunting parties cannot finish them off without weapons that exploit their weakness.	EV_DUNGEON_SURGE	easy	common			
EV_DUNGEON_SURGE_FOREST	dungeon	large	1	L1:{dungeon}	dungeon=next	true:0.75,exaggerated:0.15,false:0.10	true	nextDungeon=DeepGreenBeastForest	6	10	beasts that run like the wind in {dungeon} have grown aggressive; hunting parties cannot finish them off without weapons that exploit their weakness.	EV_DUNGEON_SURGE	easy	common			
EV_DUNGEON_SURGE_MAUSOLEUM	dungeon	large	1	L1:{dungeon}	dungeon=next	true:0.75,exaggerated:0.15,false:0.10	true	nextDungeon=MausoleumOblivion	6	10	dead possessed by darkness in {dungeon} have grown aggressive; hunting parties cannot finish them off without weapons that exploit their weakness.	EV_DUNGEON_SURGE	easy	common			
EV_DUNGEON_SURGE_DEMONCASTLE	dungeon	large	1	L1:{dungeon}	dungeon=next	true:0.75,exaggerated:0.15,false:0.10	true	nextDungeon=DemonKingCastle	6	10	dark demons serving the Demon King in {dungeon} have grown aggressive; hunting parties cannot finish them off without weapons that exploit their weakness.	EV_DUNGEON_SURGE	easy	common			
EV_DUNGEON_SURGE_METALLION	dungeon	large	1	L1:{dungeon}	dungeon=next	true:0.75,exaggerated:0.15,false:0.10	true	nextDungeon=AncientMechanicalCastle	6	10	machine soldiers emitting blinding light in {dungeon} have grown aggressive; hunting parties cannot finish them off without weapons that exploit their weakness.	EV_DUNGEON_SURGE	easy	common			
EV_DUNGEON_INJURIES_VOLCANO	dungeon	medium	1	L2:{dungeon}	dungeon=next	true:0.75,exaggerated:0.15,false:0.10	true	nextDungeon=ScorchingVolcanoPrison	4	10	Adventurers keep getting badly hurt in {dungeon} by searing fire attacks; the guild urges protection whose nature counters those attacks.	EV_DUNGEON_INJURIES	easy	common			
EV_DUNGEON_INJURIES_ICE	dungeon	medium	1	L2:{dungeon}	dungeon=next	true:0.75,exaggerated:0.15,false:0.10	true	nextDungeon=IceMistCave	4	10	Adventurers keep getting badly hurt in {dungeon} by freezing water-and-ice attacks; the guild urges protection whose nature counters those attacks.	EV_DUNGEON_INJURIES	easy	common			
EV_DUNGEON_INJURIES_FOREST	dungeon	medium	1	L2:{dungeon}	dungeon=next	true:0.75,exaggerated:0.15,false:0.10	true	nextDungeon=DeepGreenBeastForest	4	10	Adventurers keep getting badly hurt in {dungeon} by wind-swift claws; the guild urges protection whose nature counters those attacks.	EV_DUNGEON_INJURIES	easy	common			
EV_DUNGEON_INJURIES_MAUSOLEUM	dungeon	medium	1	L2:{dungeon}	dungeon=next	true:0.75,exaggerated:0.15,false:0.10	true	nextDungeon=MausoleumOblivion	4	10	Adventurers keep getting badly hurt in {dungeon} by life-draining dark attacks; the guild urges protection whose nature counters those attacks.	EV_DUNGEON_INJURIES	easy	common			
EV_DUNGEON_INJURIES_DEMONCASTLE	dungeon	medium	1	L2:{dungeon}	dungeon=next	true:0.75,exaggerated:0.15,false:0.10	true	nextDungeon=DemonKingCastle	4	10	Adventurers keep getting badly hurt in {dungeon} by attacks charged with dark power; the guild urges protection whose nature counters those attacks.	EV_DUNGEON_INJURIES	easy	common			
EV_DUNGEON_INJURIES_METALLION	dungeon	medium	1	L2:{dungeon}	dungeon=next	true:0.75,exaggerated:0.15,false:0.10	true	nextDungeon=AncientMechanicalCastle	4	10	Adventurers keep getting badly hurt in {dungeon} by eye-searing light beams; the guild urges protection whose nature counters those attacks.	EV_DUNGEON_INJURIES	easy	common			
EV_MAUSOLEUM_RESTLESS	dungeon	medium	1	L1:{dungeon}	dungeon=MausoleumOblivion	true:0.7,exaggerated:0.2,false:0.10	true		4	10	The dead are crawling out of {dungeon}; they rise again unless struck down with a power that dispels darkness.	EV_MAUSOLEUM_RESTLESS	easy	common			
EV_METALLION_BEAM	dungeon	medium	1	L2:{dungeon}	dungeon=AncientMechanicalCastle	true:0.75,exaggerated:0.15,false:0.10	true		4	10	Machine soldiers in {dungeon} now fire blinding light beams; approaching requires protection that can deflect that light.	EV_METALLION_BEAM	easy	common			
EV_DUNGEON_CALM_VOLCANO	dungeon	small	-1	L1:{dungeon}	dungeon=next	true:0.75,exaggerated:0.15,false:0.10	true	nextDungeon=ScorchingVolcanoPrison	4	10	fire-wreathed monsters in {dungeon} have thinned out after hunters exploited their weakness; existing weapons are enough for now.	EV_DUNGEON_CALM	easy	common			
EV_DUNGEON_CALM_ICE	dungeon	small	-1	L1:{dungeon}	dungeon=next	true:0.75,exaggerated:0.15,false:0.10	true	nextDungeon=IceMistCave	4	10	monsters clad in water and ice in {dungeon} have thinned out after hunters exploited their weakness; existing weapons are enough for now.	EV_DUNGEON_CALM	easy	common			
EV_DUNGEON_CALM_FOREST	dungeon	small	-1	L1:{dungeon}	dungeon=next	true:0.75,exaggerated:0.15,false:0.10	true	nextDungeon=DeepGreenBeastForest	4	10	beasts that run like the wind in {dungeon} have thinned out after hunters exploited their weakness; existing weapons are enough for now.	EV_DUNGEON_CALM	easy	common			
EV_DUNGEON_CALM_MAUSOLEUM	dungeon	small	-1	L1:{dungeon}	dungeon=next	true:0.75,exaggerated:0.15,false:0.10	true	nextDungeon=MausoleumOblivion	4	10	dead possessed by darkness in {dungeon} have thinned out after hunters exploited their weakness; existing weapons are enough for now.	EV_DUNGEON_CALM	easy	common			
EV_DUNGEON_CALM_DEMONCASTLE	dungeon	small	-1	L1:{dungeon}	dungeon=next	true:0.75,exaggerated:0.15,false:0.10	true	nextDungeon=DemonKingCastle	4	10	dark demons serving the Demon King in {dungeon} have thinned out after hunters exploited their weakness; existing weapons are enough for now.	EV_DUNGEON_CALM	easy	common			
EV_DUNGEON_CALM_METALLION	dungeon	small	-1	L1:{dungeon}	dungeon=next	true:0.75,exaggerated:0.15,false:0.10	true	nextDungeon=AncientMechanicalCastle	4	10	machine soldiers emitting blinding light in {dungeon} have thinned out after hunters exploited their weakness; existing weapons are enough for now.	EV_DUNGEON_CALM	easy	common			
EV_ROCK_GOLEM	dungeon	medium	1	attr:Wind,Weapon	region=pool	true:0.75,exaggerated:0.15,false:0.10	true		4	10	A rock golem charged with earth power blocks the road in {region}; only cutting wind can split its joints from range.	EV_ROCK_GOLEM	easy	common			
EV_HERO_HIGH_QUEST	hero	small	1	L3		true:0.75,exaggerated:0.15,false:0.10	true		4	10	The hero took a quest above their level, received a large advance and plans to shop before departing.	EV_HERO_HIGH_QUEST	easy	common			
EV_HERO_EXPEDITION_VOLCANO	hero	medium	1	L2:{dungeon}	dungeon=next	true:0.5,exaggerated:0.35,false:0.15	true	nextDungeon=ScorchingVolcanoPrison	4	10	The hero party may head to {dungeon}, home of fire-wreathed monsters, and prepares protection that counters searing fire attacks; plans are unsettled.	EV_HERO_EXPEDITION	easy	common			
EV_HERO_EXPEDITION_ICE	hero	medium	1	L2:{dungeon}	dungeon=next	true:0.5,exaggerated:0.35,false:0.15	true	nextDungeon=IceMistCave	4	10	The hero party may head to {dungeon}, home of monsters clad in water and ice, and prepares protection that counters freezing water-and-ice attacks; plans are unsettled.	EV_HERO_EXPEDITION	easy	common			
EV_HERO_EXPEDITION_FOREST	hero	medium	1	L2:{dungeon}	dungeon=next	true:0.5,exaggerated:0.35,false:0.15	true	nextDungeon=DeepGreenBeastForest	4	10	The hero party may head to {dungeon}, home of beasts that run like the wind, and prepares protection that counters wind-swift claws; plans are unsettled.	EV_HERO_EXPEDITION	easy	common			
EV_HERO_EXPEDITION_MAUSOLEUM	hero	medium	1	L2:{dungeon}	dungeon=next	true:0.5,exaggerated:0.35,false:0.15	true	nextDungeon=MausoleumOblivion	4	10	The hero party may head to {dungeon}, home of dead possessed by darkness, and prepares protection that counters life-draining dark attacks; plans are unsettled.	EV_HERO_EXPEDITION	easy	common			
EV_HERO_EXPEDITION_DEMONCASTLE	hero	medium	1	L2:{dungeon}	dungeon=next	true:0.5,exaggerated:0.35,false:0.15	true	nextDungeon=DemonKingCastle	4	10	The hero party may head to {dungeon}, home of dark demons serving the Demon King, and prepares protection that counters attacks charged with dark power; plans are unsettled.	EV_HERO_EXPEDITION	easy	common			
EV_HERO_EXPEDITION_METALLION	hero	medium	1	L2:{dungeon}	dungeon=next	true:0.5,exaggerated:0.35,false:0.15	true	nextDungeon=AncientMechanicalCastle	4	10	The hero party may head to {dungeon}, home of machine soldiers emitting blinding light, and prepares protection that counters eye-searing light beams; plans are unsettled.	EV_HERO_EXPEDITION	easy	common			
EV_HERO_PROMOTION	hero	large	1	L3		true:0.8,exaggerated:0.15,false:0.05	true	heroLevel>=3	4	12	The hero was promoted to a higher rank and received a royal reward; colleagues say it is time for top-class gear.	EV_HERO_PROMOTION	easy	common			
EV_HERO_WEAPON_BROKEN_VOLCANO	hero	medium	1	L1:{dungeon}	dungeon=next	true:0.75,exaggerated:0.15,false:0.10	true	nextDungeon=ScorchingVolcanoPrison	4	10	The hero's favorite weapon broke; next stop is {dungeon} and they want one whose nature hits the weakness of fire-wreathed monsters.	EV_HERO_WEAPON_BROKEN	easy	common			
EV_HERO_WEAPON_BROKEN_ICE	hero	medium	1	L1:{dungeon}	dungeon=next	true:0.75,exaggerated:0.15,false:0.10	true	nextDungeon=IceMistCave	4	10	The hero's favorite weapon broke; next stop is {dungeon} and they want one whose nature hits the weakness of monsters clad in water and ice.	EV_HERO_WEAPON_BROKEN	easy	common			
EV_HERO_WEAPON_BROKEN_FOREST	hero	medium	1	L1:{dungeon}	dungeon=next	true:0.75,exaggerated:0.15,false:0.10	true	nextDungeon=DeepGreenBeastForest	4	10	The hero's favorite weapon broke; next stop is {dungeon} and they want one whose nature hits the weakness of beasts that run like the wind.	EV_HERO_WEAPON_BROKEN	easy	common			
EV_HERO_WEAPON_BROKEN_MAUSOLEUM	hero	medium	1	L1:{dungeon}	dungeon=next	true:0.75,exaggerated:0.15,false:0.10	true	nextDungeon=MausoleumOblivion	4	10	The hero's favorite weapon broke; next stop is {dungeon} and they want one whose nature hits the weakness of dead possessed by darkness.	EV_HERO_WEAPON_BROKEN	easy	common			
EV_HERO_WEAPON_BROKEN_DEMONCASTLE	hero	medium	1	L1:{dungeon}	dungeon=next	true:0.75,exaggerated:0.15,false:0.10	true	nextDungeon=DemonKingCastle	4	10	The hero's favorite weapon broke; next stop is {dungeon} and they want one whose nature hits the weakness of dark demons serving the Demon King.	EV_HERO_WEAPON_BROKEN	easy	common			
EV_HERO_WEAPON_BROKEN_METALLION	hero	medium	1	L1:{dungeon}	dungeon=next	true:0.75,exaggerated:0.15,false:0.10	true	nextDungeon=AncientMechanicalCastle	4	10	The hero's favorite weapon broke; next stop is {dungeon} and they want one whose nature hits the weakness of machine soldiers emitting blinding light.	EV_HERO_WEAPON_BROKEN	easy	common			
EV_HERO_INJURED_VOLCANO	hero	small	1	L2:{dungeon}	dungeon=next	true:0.7,exaggerated:0.2,false:0.10	true	nextDungeon=ScorchingVolcanoPrison	4	10	The hero was badly wounded and vows to face searing fire attacks in {dungeon} next time with protection that counters them.	EV_HERO_INJURED	easy	common			
EV_HERO_INJURED_ICE	hero	small	1	L2:{dungeon}	dungeon=next	true:0.7,exaggerated:0.2,false:0.10	true	nextDungeon=IceMistCave	4	10	The hero was badly wounded and vows to face freezing water-and-ice attacks in {dungeon} next time with protection that counters them.	EV_HERO_INJURED	easy	common			
EV_HERO_INJURED_FOREST	hero	small	1	L2:{dungeon}	dungeon=next	true:0.7,exaggerated:0.2,false:0.10	true	nextDungeon=DeepGreenBeastForest	4	10	The hero was badly wounded and vows to face wind-swift claws in {dungeon} next time with protection that counters them.	EV_HERO_INJURED	easy	common			
EV_HERO_INJURED_MAUSOLEUM	hero	small	1	L2:{dungeon}	dungeon=next	true:0.7,exaggerated:0.2,false:0.10	true	nextDungeon=MausoleumOblivion	4	10	The hero was badly wounded and vows to face life-draining dark attacks in {dungeon} next time with protection that counters them.	EV_HERO_INJURED	easy	common			
EV_HERO_INJURED_DEMONCASTLE	hero	small	1	L2:{dungeon}	dungeon=next	true:0.7,exaggerated:0.2,false:0.10	true	nextDungeon=DemonKingCastle	4	10	The hero was badly wounded and vows to face attacks charged with dark power in {dungeon} next time with protection that counters them.	EV_HERO_INJURED	easy	common			
EV_HERO_INJURED_METALLION	hero	small	1	L2:{dungeon}	dungeon=next	true:0.7,exaggerated:0.2,false:0.10	true	nextDungeon=AncientMechanicalCastle	4	10	The hero was badly wounded and vows to face eye-searing light beams in {dungeon} next time with protection that counters them.	EV_HERO_INJURED	easy	common			
EV_HERO_FRUGAL	hero	small	-1	L3		true:0.75,exaggerated:0.15,false:0.10	true	turn>=5	2	10	The hero is busy repaying debts and avoids expensive gear for the time being.	EV_HERO_FRUGAL	easy	common			
EV_WIND_BUY	rival	medium	1	attr:Wind,Weapon	region=pool	true:0.75,exaggerated:0.15,false:0.10	true		4	10	The Windcutter party bulk-bought wind-imbued weapons for a hunt against rock monsters.	EV_WIND_BUY	easy	common			
EV_RIVAL_CORNER_VOLCANO	rival	small	1	L2:{dungeon}	dungeon=next	true:0.75,exaggerated:0.15,false:0.10	true	nextDungeon=ScorchingVolcanoPrison	4	10	A trading house in the next town is cornering protective gear that counters searing fire attacks of fire-wreathed monsters in {dungeon}.	EV_RIVAL_CORNER	easy	common			
EV_RIVAL_CORNER_ICE	rival	small	1	L2:{dungeon}	dungeon=next	true:0.75,exaggerated:0.15,false:0.10	true	nextDungeon=IceMistCave	4	10	A trading house in the next town is cornering protective gear that counters freezing water-and-ice attacks of monsters clad in water and ice in {dungeon}.	EV_RIVAL_CORNER	easy	common			
EV_RIVAL_CORNER_FOREST	rival	small	1	L2:{dungeon}	dungeon=next	true:0.75,exaggerated:0.15,false:0.10	true	nextDungeon=DeepGreenBeastForest	4	10	A trading house in the next town is cornering protective gear that counters wind-swift claws of beasts that run like the wind in {dungeon}.	EV_RIVAL_CORNER	easy	common			
EV_RIVAL_CORNER_MAUSOLEUM	rival	small	1	L2:{dungeon}	dungeon=next	true:0.75,exaggerated:0.15,false:0.10	true	nextDungeon=MausoleumOblivion	4	10	A trading house in the next town is cornering protective gear that counters life-draining dark attacks of dead possessed by darkness in {dungeon}.	EV_RIVAL_CORNER	easy	common			
EV_RIVAL_CORNER_DEMONCASTLE	rival	small	1	L2:{dungeon}	dungeon=next	true:0.75,exaggerated:0.15,false:0.10	true	nextDungeon=DemonKingCastle	4	10	A trading house in the next town is cornering protective gear that counters attacks charged with dark power of dark demons serving the Demon King in {dungeon}.	EV_RIVAL_CORNER	easy	common			
EV_RIVAL_CORNER_METALLION	rival	small	1	L2:{dungeon}	dungeon=next	true:0.75,exaggerated:0.15,false:0.10	true	nextDungeon=AncientMechanicalCastle	4	10	A trading house in the next town is cornering protective gear that counters eye-searing light beams of machine soldiers emitting blinding light in {dungeon}.	EV_RIVAL_CORNER	easy	common			
EV_MERC_NIGHT	rival	small	1	attr:Dark,Weapon	region=pool	true:0.4,exaggerated:0.2,false:0.4	true		4	8	Mercenaries in {region} reportedly gather dark weapons for a night hunt on light-emitting machine soldiers; single unnamed source.	EV_MERC_NIGHT	easy	common			
EV_RIVAL_CLEARANCE	rival	medium	-1	attr:Earth,Armor	region=pool	true:0.75,exaggerated:0.15,false:0.10	true		4	10	A major arms dealer is dumping its stock of heavy stone-forged armor onto the market.	EV_RIVAL_CLEARANCE	easy	common			
EV_RIVAL_FIRE_PARTY	rival	medium	1	attr:Fire,Weapon	region=pool	true:0.75,exaggerated:0.15,false:0.10	true		4	10	The Crimson band will hunt a storm bird wrapped in strong winds and means to burn it down.	EV_RIVAL_FIRE_PARTY	easy	common			
EV_MINE_COLLAPSE	supply	medium	1	attr:Earth,Armor	region=pool	true:0.75,exaggerated:0.15,false:0.10	true		4	10	A cave-in halted the mine in {region}, the main source of hard ore for heavy rock-like armor.	EV_MINE_COLLAPSE	easy	common			
EV_HOLY_RITE_DELAY	supply	medium	1	attr:Light,Armor		true:0.75,exaggerated:0.15,false:0.10	true		4	10	The cathedral postponed the blessing rite needed to finish armor carrying holy light.	EV_HOLY_RITE_DELAY	easy	common			
EV_TIMBER_GLUT	supply	small	-1	attr:Wind,Weapon	region=pool	true:0.75,exaggerated:0.15,false:0.10	true		2	10	Large logging in {region} floods the market with supple timber used for bows and spear shafts.	EV_TIMBER_GLUT	easy	common			
EV_SPRING_DRY	supply	medium	1	attr:Water,Weapon	region=pool	true:0.75,exaggerated:0.15,false:0.10	true		4	10	The sacred spring in {region} dried up; smiths cannot forge blades that carry flowing water.	EV_SPRING_DRY	easy	common			
EV_FORGE_GLUT	supply	small	-1	attr:Fire,Armor	region=pool	true:0.75,exaggerated:0.15,false:0.10	true		2	10	A new fire-spirit furnace in {region} lets workshops turn out flame-imbued belts and helmets in bulk.	EV_FORGE_GLUT	easy	common			
EV_PILGRIM	culture	medium	1	attr:Light,Armor		true:0.7,exaggerated:0.15,false:0.15	true		4	10	A pilgrim choir is passing through; custom says townsfolk greet it dressed in holy-light garb.	EV_PILGRIM	easy	common			
EV_WIND_FESTIVAL	culture	medium	1	attr:Wind,Armor		true:0.4,exaggerated:0.2,false:0.4	true		4	8	Rumor says the wind spirit festival, where people parade in light wind-blessed garb, is moved up; unconfirmed.	EV_WIND_FESTIVAL	easy	common			
EV_GRAVEYARD	culture	medium	1	attr:Light,Weapon		true:0.35,exaggerated:0.2,false:0.45	true		4	8	Figures seen at night in the old graveyard; if the dead are walking, only blades of purifying light will do.	EV_GRAVEYARD	easy	common			
EV_DARK_FASHION	culture	small	1	attr:Dark,Armor		true:0.7,exaggerated:0.15,false:0.15	true		4	10	A bard's new song about a black-clad knight makes dark-colored helmets and armor fashionable.	EV_DARK_FASHION	easy	common			
EV_FIRE_DANCE	culture	small	1	attr:Fire,Armor		true:0.7,exaggerated:0.15,false:0.15	true		4	10	A flame dance troupe is coming; spectators traditionally wear flame-shaped sashes and belts.	EV_FIRE_DANCE	easy	common			
EV_ARMOR_TAX	economy	small	-1	type:Armor		true:0.8,exaggerated:0.15,false:0.05	true		4	12	The royal council passed a new tax on armor trading.	EV_ARMOR_TAX	easy	common			
EV_HUNT_BOUNTY	economy	small	1	type:Weapon		true:0.75,exaggerated:0.15,false:0.10	true		4	12	The crown created a bounty for monster hunting, drawing new adventurers who first need something to fight with.	EV_HUNT_BOUNTY	easy	common			
EV_GOLD_RUSH	economy	medium	1	L3	region=pool	true:0.7,exaggerated:0.2,false:0.10	true	turn>=3	4	12	A gold strike in {region} fills adventurers' purses and hunt rewards rise.	EV_GOLD_RUSH	easy	common			
EV_MONEY_TIGHT	economy	small	-1	L3		true:0.75,exaggerated:0.15,false:0.10	true	turn>=3	2	12	A major money changer closed; adventurers' cash is short and pricey purchases are put off.	EV_MONEY_TIGHT	easy	common			
EV_VILLAGE_WATCH	village	small	1	type:Armor		true:0.75,exaggerated:0.15,false:0.10	true		4	10	A nearby village's watch decides to outfit its members with protective gear after night injuries.	EV_VILLAGE_WATCH	easy	common			
EV_VILLAGE_FLOOD	village	small	1	attr:Earth,Weapon		true:0.75,exaggerated:0.15,false:0.10	true		4	10	Flooding brought slippery water monsters into village fields; heavy crushing blows are said to work.	EV_VILLAGE_FLOOD	easy	common			
EV_SALAMANDER_SPRINGS	dungeon	medium	1	attr:Water,Armor	region=pool	true:0.75,exaggerated:0.15,false:0.10	true		5	10	Lizards with scorching breath infest the hot springs near {region}; the injured are burned rather than bitten.	EV_SALAMANDER_SPRINGS	normal	common			
EV_LAKE_SERPENT	dungeon	medium	1	attr:Earth,Weapon	region=pool	true:0.75,exaggerated:0.15,false:0.10	true		5	10	A serpent with slick scales lurks in the lake near {region}; it seems made of water itself and blades slide off.	EV_LAKE_SERPENT	normal	common			
EV_GALE_HARPIES	dungeon	medium	1	attr:Fire,Armor	region=pool	true:0.75,exaggerated:0.15,false:0.10	true		5	10	Harpies whipping up gusts attack travelers on a pass near {region}; most victims are clawed after being blown toward cliffs.	EV_GALE_HARPIES	normal	common			
EV_SHADOW_CLAWS	dungeon	medium	1	attr:Light,Armor	region=pool	true:0.75,exaggerated:0.15,false:0.10	true		5	10	In {region}, creatures that melt into shadows strike night travelers with claws from the dark.	EV_SHADOW_CLAWS	normal	common			
EV_RADIANT_KNIGHT	dungeon	medium	1	attr:Dark,Weapon	region=pool	true:0.75,exaggerated:0.15,false:0.10	true		5	10	A ghost knight in dazzling armor haunts an old fort near {region}; its radiance blinds attackers and swallows their blows.	EV_RADIANT_KNIGHT	normal	common			
EV_MUD_GIANT	dungeon	medium	1	attr:Wind,Armor	region=pool	true:0.75,exaggerated:0.15,false:0.10	true		5	10	A giant of mud and rock near {region} shakes the ground and hurls stones; most injuries come from flying rocks.	EV_MUD_GIANT	normal	common			
EV_HERO_MENTOR	hero	small	1	type:Armor		true:0.75,exaggerated:0.15,false:0.10	true		4	10	The hero became a disciple of an old knight whose motto is to protect yourself before you strike.	EV_HERO_MENTOR	normal	common			
EV_CHARCOAL_SHORTAGE	supply	medium	1	attr:Fire,Weapon	region=pool	true:0.75,exaggerated:0.15,false:0.10	true		4	10	Endless rain near {region} stops charcoal burning; forges cannot reach the fiercest heat needed for one kind of blade finishing.	EV_CHARCOAL_SHORTAGE	normal	common			
EV_VILLAGE_DROUGHT	village	small	1	attr:Water,Weapon		true:0.75,exaggerated:0.15,false:0.10	true		4	10	Drought dries village fields and insects that spit embers swarm; hitting them scatters sparks.	EV_VILLAGE_DROUGHT	normal	common			
EV_CANAL_WORKS	supply	medium	1	attr:Earth,Armor		true:0.8,exaggerated:0.15,false:0.05	true		3	12	Canal works in the capital halt the barges that carry hard northern ore, which workshops use most for rock-hard armor.	EV_CANAL_WORKS	hard	common			
EV_LIGHTHOUSE_OUT	dungeon	medium	1	attr:Light,Weapon	region=pool	true:0.7,exaggerated:0.15,false:0.15	true		3	12	The lighthouse at {region} goes dark for repairs; old sailors say light-shunning shadows crawl ashore on lightless nights.	EV_LIGHTHOUSE_OUT	hard	common			
EV_MOURNING_ENDS	culture	medium	-1	attr:Dark,Armor		true:0.8,exaggerated:0.15,false:0.05	true		3	12	The royal mourning period ends; the black attire everyone wore, including dark helmets and armor, is no longer needed.	EV_MOURNING_ENDS	hard	common			
EV_HERO_COURTSHIP	hero	medium	1	attr:Light,Armor		true:0.6,exaggerated:0.2,false:0.2	true		3	12	The hero courts a cathedral priest's daughter; the priest demands a suitor who wears holy protection against darkness.	EV_HERO_COURTSHIP	hard	common			
EV_MYSTERY_BEAST	dungeon	medium	1	attr:Wind,Weapon	region=pool	true:0.75,exaggerated:0.15,false:0.10	true		3	12	An unknown monster near {region}: one report mentions a hard shell, another says axes bounce off something like rock and it must be cut from afar.	EV_MYSTERY_BEAST	hard	common			
EV_HOT_SPRING_BOOM	culture	medium	1	attr:Water,Armor	dungeon=ScorchingVolcanoPrison	true:0.75,exaggerated:0.15,false:0.10	true		3	12	Hot-spring cures at the foot of {dungeon} become the rage; visitors venture near the scorching crater and come back blistered.	EV_HOT_SPRING_BOOM	hard	common			
EV_INSURANCE_CHANGE	economy	small	-1	L3		true:0.75,exaggerated:0.15,false:0.10	true	turn>=3	3	12	The adventurers' insurance union stops covering theft of expensive gear.	EV_INSURANCE_CHANGE	hard	common			
EV_RARE_DRAGON_FEVER	culture	large	1	attr:Water,Armor		true:0.85,exaggerated:0.15,false:0	true	turn>=4	1	40	An ancient dragon in human form shops in town; it has a fever and seeks protection that cools its burning body.	EV_RARE_DRAGON_FEVER	normal	rare			
EV_RARE_DEMON_FORTUNE	culture	medium	1	attr:Light,Armor		true:0.5,exaggerated:0.2,false:0.3	true	turn>=4	1	40	A fortune teller claiming to be the Demon King tells everyone to beware of darkness and wear protection that repels it.	EV_RARE_DEMON_FORTUNE	normal	rare			
EV_RARE_GOLD_RAIN	economy	large	1	L3	region=pool	true:0.8,exaggerated:0.2,false:0	true	turn>=4	1	40	Gold coins rain from the sky over {region}; the lucky finders rush to buy top-class gear.	EV_RARE_GOLD_RAIN	normal	rare			
EV_RARE_HERO_CAREER	hero	medium	-1	type:Weapon		true:0.6,exaggerated:0.2,false:0.2	true	turn>=4	1	40	The hero puts down the sword to train as a bard; young adventurers imitate them and neglect weapons.	EV_RARE_HERO_CAREER	normal	rare			
EV_RARE_LEGEND_SMITH	supply	large	1	attr:Wind,Weapon		true:0.8,exaggerated:0.2,false:0	true	turn>=4	1	40	A legendary smith returns after ten years and declares he will forge only wind-cutting weapons; everyone wants one.	EV_RARE_LEGEND_SMITH	normal	rare			
EV_RARE_SLIME_PARADE	village	medium	1	attr:Earth,Weapon		true:0.7,exaggerated:0.2,false:0.1	true	turn>=4	1	40	A crowned giant slime leads a parade of slimes down the highway; swords get swallowed, heavy crushing blows are needed.	EV_RARE_SLIME_PARADE	normal	rare			
EV_RARE_GHOST_PEDDLER	culture	medium	-1	attr:Dark,Armor		true:0.5,exaggerated:0.2,false:0.3	true	turn>=4	1	40	A ghost peddler hands out dark-colored helmets and armor for free at night, in exchange for an old story.	EV_RARE_GHOST_PEDDLER	normal	rare			
EV_RARE_TWIN_MOONS	dungeon	large	1	attr:Dark,Weapon		true:0.7,exaggerated:0.2,false:0.1	true	turn>=4	1	40	Two moons will appear side by side; old records say radiant beasts descend on such nights.	EV_RARE_TWIN_MOONS	hard	rare			
EV_RARE_KING_ARMOR_BALL	culture	large	1	type:Armor		true:0.8,exaggerated:0.2,false:0	true	turn>=4	1	40	The king danced at the ball in full armor and declared armor the new court formal wear.	EV_RARE_KING_ARMOR_BALL	normal	rare			
EV_ARC_STAR_1	culture	small	1			true:0.85,exaggerated:0.15,false:0	false		2	40	A strange light fell from the night sky beyond the northern village; nobody knows what it was.	EV_ARC_STAR_1	easy	common	ARC_STAR	1	always:EV_ARC_STAR_2
EV_ARC_STAR_2	dungeon	small	1	attr:Water,Armor		true:0.85,exaggerated:0.15,false:0	false		0	40	A survey team reaches the fallen star near the northern village; it still glows red-hot and scorches anyone who comes close.	EV_ARC_STAR_2	normal	common	ARC_STAR	2	rand:EV_ARC_STAR_3A|rand:EV_ARC_STAR_3B
EV_ARC_STAR_3A	supply	large	1	attr:Light,Weapon		true:0.85,exaggerated:0.15,false:0	true		0	40	The fallen star is star-iron, a metal that holds light; smiths forge holy light blades from it and everyone wants one.	EV_ARC_STAR_3A	easy	common	ARC_STAR	3	
EV_ARC_STAR_3B	dungeon	large	1	attr:Dark,Weapon		true:0.85,exaggerated:0.15,false:0	true		0	40	The fallen star was an egg; dazzling beasts of light hatch and roam the northern village, and blades are swallowed by their glow.	EV_ARC_STAR_3B	normal	common	ARC_STAR	3	
EV_ARC_EGG_1	economy	small	1	L3		true:0.85,exaggerated:0.15,false:0	false		2	40	A dragon egg goes up for auction and a noble wins it with a fortune; the rich start spending wildly.	EV_ARC_EGG_1	easy	rare	ARC_EGG	1	always:EV_ARC_EGG_2
EV_ARC_EGG_2	culture	medium	1	attr:Water,Armor		true:0.85,exaggerated:0.15,false:0	false		0	40	The dragon egg grows hot and scorches the noble's floors; the household searches for protection that can cool it.	EV_ARC_EGG_2	easy	rare	ARC_EGG	2	hasStock:EV_ARC_EGG_3A|noStock:EV_ARC_EGG_3B
EV_ARC_EGG_3A	economy	medium	1	L3		true:0.85,exaggerated:0.15,false:0	true		0	40	Wrapped in cool protection bought in town, the egg calms; the mother dragon arrives, thanks the town and leaves jewels.	EV_ARC_EGG_3A	easy	rare	ARC_EGG	3	
EV_ARC_EGG_3B	dungeon	large	1	attr:Water,Armor		true:0.85,exaggerated:0.15,false:0	true		0	40	Nothing could cool the egg; the shell cracks and the furious mother dragon circles the town breathing fire.	EV_ARC_EGG_3B	easy	rare	ARC_EGG	3	
EV_ARC_KNIGHT_1	hero	small	1	L3		true:0.85,exaggerated:0.15,false:0	false		2	40	A black knight challenges the hero to a duel; the hero says they will meet him in first-class gear.	EV_ARC_KNIGHT_1	easy	common	ARC_KNIGHT	1	always:EV_ARC_KNIGHT_2
EV_ARC_KNIGHT_2	hero	medium	1	attr:Light,Armor		true:0.85,exaggerated:0.15,false:0	false		0	40	The duel date is set; the black knight's blade is wrapped in darkness and has felled many who lacked the right protection.	EV_ARC_KNIGHT_2	normal	common	ARC_KNIGHT	2	heroWin:EV_ARC_KNIGHT_3A|heroLose:EV_ARC_KNIGHT_3B
EV_ARC_KNIGHT_3A	hero	medium	1	L3		true:0.85,exaggerated:0.15,false:0	true		0	40	The hero wins the duel; the black knight becomes a disciple and fans rush to equip themselves like the hero.	EV_ARC_KNIGHT_3A	easy	common	ARC_KNIGHT	3	
EV_ARC_KNIGHT_3B	dungeon	large	1	attr:Light,Weapon		true:0.85,exaggerated:0.15,false:0	true		0	40	The hero loses; the triumphant black knight gathers an army of darkness, and the kingdom calls for blades of light.	EV_ARC_KNIGHT_3B	easy	common	ARC_KNIGHT	3	
EV_ARC_RATS_1	village	small	1	type:Weapon		true:0.85,exaggerated:0.15,false:0	false		2	40	Rats bigger than cats appear under the capital; townsfolk grab whatever they can swing.	EV_ARC_RATS_1	easy	common	ARC_RATS	1	always:EV_ARC_RATS_2
EV_ARC_RATS_2	village	medium	1	type:Weapon		true:0.85,exaggerated:0.15,false:0	false		0	40	The council announces a rat-catching contest with a prize; adventurers arm up to win.	EV_ARC_RATS_2	easy	common	ARC_RATS	2	rand:EV_ARC_RATS_3A|rand:EV_ARC_RATS_3B
EV_ARC_RATS_3A	village	small	-1	type:Weapon		true:0.85,exaggerated:0.15,false:0	true		0	40	An old woman with three cats wins the contest; humiliated adventurers pawn their weapons.	EV_ARC_RATS_3A	normal	common	ARC_RATS	3	
EV_ARC_RATS_3B	dungeon	medium	1	attr:Light,Weapon		true:0.85,exaggerated:0.15,false:0	true		0	40	The rats were familiars of a dark master under the capital; hunters go down to strike it with blades that dispel darkness.	EV_ARC_RATS_3B	normal	common	ARC_RATS	3	
EV_ARC_MINE_1	culture	small	1			true:0.85,exaggerated:0.15,false:0	false		2	40	Singing is heard from an abandoned mine at night.	EV_ARC_MINE_1	easy	common	ARC_MINE	1	always:EV_ARC_MINE_2
EV_ARC_MINE_2	dungeon	medium	1	attr:Wind,Weapon		true:0.85,exaggerated:0.15,false:0	false		0	40	Deep in the mine is a rock spirit that drives off the survey team with fists of stone; axes bounce off it.	EV_ARC_MINE_2	normal	common	ARC_MINE	2	hasStock:EV_ARC_MINE_3A|noStock:EV_ARC_MINE_3B
EV_ARC_MINE_3A	supply	medium	-1	attr:Earth,Armor		true:0.85,exaggerated:0.15,false:0	true		0	40	Armed with weapons from town, the team calms the spirit; in thanks it opens a rich vein of hard ore and rock-hard armor floods the market.	EV_ARC_MINE_3A	normal	common	ARC_MINE	3	
EV_ARC_MINE_3B	dungeon	large	1	attr:Wind,Weapon		true:0.85,exaggerated:0.15,false:0	true		0	40	Lacking the right weapons the team retreats; the angry rock spirit walks out onto the highway.	EV_ARC_MINE_3B	normal	common	ARC_MINE	3	
EV_ARC_TOURNEY_1	economy	small	1	type:Weapon		true:0.85,exaggerated:0.15,false:0	false		2	40	The crown announces a grand tournament in the capital; fighters gather from everywhere.	EV_ARC_TOURNEY_1	easy	common	ARC_TOURNEY	1	always:EV_ARC_TOURNEY_2
EV_ARC_TOURNEY_2	hero	medium	1	attr:Water,Armor		true:0.85,exaggerated:0.15,false:0	false		0	40	A swordsman wreathed in fire sweeps the qualifiers, burning opponents; the hero is to face him.	EV_ARC_TOURNEY_2	normal	common	ARC_TOURNEY	2	heroWin:EV_ARC_TOURNEY_3A|heroLose:EV_ARC_TOURNEY_3B
EV_ARC_TOURNEY_3A	hero	medium	1	L3		true:0.85,exaggerated:0.15,false:0	true		0	40	The hero wins the tournament; fans want the same top-class gear.	EV_ARC_TOURNEY_3A	easy	common	ARC_TOURNEY	3	
EV_ARC_TOURNEY_3B	hero	medium	1	attr:Fire,Weapon		true:0.85,exaggerated:0.15,false:0	true		0	40	The fire swordsman wins; young fighters copy his flaming blade.	EV_ARC_TOURNEY_3B	easy	common	ARC_TOURNEY	3	
EV_ARC_STONE_1	economy	small	-1	L3		true:0.85,exaggerated:0.15,false:0	false		2	40	A peddler sells magic stones that he swears will only rise in value; people spend savings on stones instead of gear.	EV_ARC_STONE_1	hard	common	ARC_STONE	1	always:EV_ARC_STONE_2
EV_ARC_STONE_2	economy	medium	-1	L3		true:0.85,exaggerated:0.15,false:0	false		0	40	Magic-stone fever grips the town; even adventurers sell their good gear to buy more stones.	EV_ARC_STONE_2	normal	common	ARC_STONE	2	rand:EV_ARC_STONE_3A|rand:EV_ARC_STONE_3B
EV_ARC_STONE_3A	economy	large	-1	L3		true:0.85,exaggerated:0.15,false:0	true		0	40	The peddler vanishes overnight; the magic stones were painted river pebbles and the town is broke.	EV_ARC_STONE_3A	easy	common	ARC_STONE	3	
EV_ARC_STONE_3B	culture	medium	1	attr:Light,Armor		true:0.85,exaggerated:0.15,false:0	true		0	40	The stones were real and hold darkness; their owners' shadows start to claw at them.	EV_ARC_STONE_3B	normal	common	ARC_STONE	3	
EV_ARC_WINTER_1	culture	small	1			true:0.85,exaggerated:0.15,false:0	false		2	40	Snow falls in midsummer.	EV_ARC_WINTER_1	easy	common	ARC_WINTER	1	always:EV_ARC_WINTER_2
EV_ARC_WINTER_2	dungeon	medium	1	L1:{dungeon}	dungeon=IceMistCave	true:0.85,exaggerated:0.15,false:0	false		0	40	Cold and ice monsters pour out of {dungeon}; something deep inside is said to be calling winter.	EV_ARC_WINTER_2	easy	common	ARC_WINTER	2	heroWin:EV_ARC_WINTER_3A|heroLose:EV_ARC_WINTER_3B
EV_ARC_WINTER_3A	dungeon	small	-1	L1:{dungeon}	dungeon=IceMistCave	true:0.85,exaggerated:0.15,false:0	true		0	40	The hero defeats the ice queen deep in {dungeon}; summer returns and the ice monsters melt away.	EV_ARC_WINTER_3A	normal	common	ARC_WINTER	3	
EV_ARC_WINTER_3B	dungeon	large	1	L2:{dungeon}	dungeon=IceMistCave	true:0.85,exaggerated:0.15,false:0	true		0	40	The hero is driven back; winter settles in and ice monsters from {dungeon} attack the town with freezing water and ice.	EV_ARC_WINTER_3B	normal	common	ARC_WINTER	3	
