templateId	eventId	companyId	kind	tone	page	headline	lead	body	clarity	status	reviewNote	summaryEn
EV_ICE_OUTBREAK.guild.report	EV_ICE_OUTBREAK	guild	report	normal		{dungeon}で氷結種の大量発生を確認	{dungeon}の周辺で、氷結種と呼ばれる魔物の大群が確認された。近くの交易路にも影響が及ぶ恐れがある。	ギルドの調査隊によれば、個体はいずれも厚い氷の甲殻に覆われており、並の刃ではほとんど傷がつかないという。隊長は「斬るより砕く戦い方になる」と話し、討伐隊の編成が急がれている。	confirmed	draft	Jev10/08 J1 ja0.98 en0.99 OK / J3 OK	Guild confirms ice-shelled monsters swarming around {dungeon}; blades barely scratch them, the captain says it will be about smashing.
EV_ICE_OUTBREAK.royal.report	EV_ICE_OUTBREAK	royal	report	normal		{dungeon}周辺に討伐令	王立広報局は、{dungeon}周辺における氷結種の大量発生を確認し、討伐令を発した。	同局によれば、魔物は厚い氷の甲殻をまとい、通常の刃による討伐は困難とされる。討伐に加わる者は、甲殻を打ち砕くに足る得物を整えた上で出立するよう求める。	confirmed	draft	Jev10/08 J1 ja0.99 en1.00 OK / J3 NG→guild	Royal office issues a hunt order for ice-shelled monsters near {dungeon}; hunters must bring weapons able to shatter the shells.
EV_ICE_OUTBREAK.tabloid.report	EV_ICE_OUTBREAK	tabloid	report	normal		氷の化け物が洞窟からあふれ出た！？	{dungeon}のあたりで、氷をまとった魔物がわんさか出たという話だ。	見てきたという木こりいわく「剣で斬りつけたら刃のほうが欠けた」。腕自慢の連中は、こうなりゃ重いもので叩き割るしかないと鼻息が荒いそうだ。	anonymous	draft	Jev10/08 J1 ja0.99 en0.91 OK / J3 OK	Rumor: ice monsters pour out around {dungeon}; a woodcutter says his sword chipped, brawlers want to smash them with heavy weapons.
EV_ICE_OUTBREAK.tabloid.report.loud	EV_ICE_OUTBREAK	tabloid	report	loud		氷の魔物、街まで迫る！？	{dungeon}からあふれた氷の魔物の群れが、もうすぐ街道まで来るともっぱらの噂だ。	数は千とも万とも言われるが、数えた者はいない。「斬っても斬っても割れない」と騒ぐ声ばかりが大きく、腕自慢の連中は重い得物を探して走り回っているという。	anonymous	draft	Jev10/08 J1 ja0.98 en0.99 OK / J3 OK	Loud rumor: hordes of ice monsters from {dungeon} are about to reach the road; nobody counted, people hunt for heavy weapons.
EV_ICE_OUTBREAK.commerce.report	EV_ICE_OUTBREAK	commerce	report	normal		氷結種の発生で北回りの荷が足止め	{dungeon}周辺の氷結種の発生を受け、北回りの荷が足止めされているとみられる。	荷主の間では討伐が済むまで出荷を見合わせる動きが広がる。仲買人は「氷の甲殻を叩き割れる得物はないか、という問い合わせが続いている」と帳簿をめくる。	presumed	draft	Jev10/08 J1 ja0.99 en1.00 OK / J3 NG→guild	Ice monsters near {dungeon} reportedly stall northern freight; brokers get asked for weapons that can crack ice shells.
EV_ICE_OUTBREAK.*.result	EV_ICE_OUTBREAK	*	result	normal		{dungeon}の討伐、峠を越す	{dungeon}周辺で続いていた氷結種の討伐が、ひとまず落ち着いた。交易路も近く再開される見通し。	討伐隊の隊長は「甲殻を重い一撃で叩き割る戦い方に切り替えてから流れが変わった」と振り返る。周辺の集落では、早くも日常が戻りつつある。		draft	旧R001を移行。「焼き割る」→「叩き割る」に変更（氷霧の洞窟の弱点=土。L1と一致させるため）	The ice monster campaign near {dungeon} has wound down; switching to heavy shell-smashing blows turned the tide.
EV_ICE_OUTBREAK.*.correction	EV_ICE_OUTBREAK	*	correction	normal		お詫びと訂正　氷結種の発生について	先に報じた{dungeon}周辺の氷結種の大量発生は、数頭のはぐれ個体を見誤ったものと分かりました。	ギルドの調査隊が確かめたところ、群れと呼べる規模の魔物は見つかりませんでした。読者の皆様にご迷惑をおかけしたことをお詫びします。		draft		Correction: the ice monster outbreak near {dungeon} was a few strays; no swarm was found.
EV_VOLCANO.guild.report	EV_VOLCANO	guild	report	normal		{dungeon}の噴火、収まる気配なし	{dungeon}の周辺で噴火が続いている。立ち入る者は熱波に長時間さらされることになる。	現地に入った冒険者は口をそろえて「息をするのも辛い」と語る。装備の選び方ひとつで生還率が変わるという声もあり、ギルドは熱を浴び続けても耐えられる身支度で入るよう呼びかけている。	presumed	draft	Jev10/08 J1 ja0.98 en1.00 OK / J3 OK	Eruption at {dungeon} continues; adventurers suffer long heat exposure and the guild urges heat-resistant protection.
EV_VOLCANO.royal.report	EV_VOLCANO	royal	report	normal		{dungeon}周辺に立入注意を布告	王立広報局は、{dungeon}における噴火の継続を確認し、周辺への立入に注意を促す布告を出した。	同局は、熱波および降り注ぐ火の粉による負傷が相次いでいるとし、立ち入る者には熱から身を守る備えを怠らぬよう求めている。	confirmed	draft	Jev10/08 J1 ja0.99 en1.00 OK / J3 OK	Royal office confirms continued eruption at {dungeon}; injuries from heat and embers, entrants must protect themselves from heat.
EV_VOLCANO.tabloid.report	EV_VOLCANO	tabloid	report	normal		{dungeon}がまた火を噴いた！	{dungeon}の噴火が止まらないという話だ。近づいただけで髪が焦げたとか。	帰ってきた冒険者は「剣を振るより先に、まず火に焼かれる」とこぼしていたそうだ。熱さえしのげれば何とかなる、というのが酒場の見立てらしい。	anonymous	draft	Jev10/08 J1 ja0.98 en1.00 OK / J3 OK	Rumor: {dungeon} keeps erupting; returnees say the fire burns you before you can swing, surviving the heat is what matters.
EV_VOLCANO.tabloid.report.loud	EV_VOLCANO	tabloid	report	loud		{dungeon}大噴火、空が真っ赤に！？	{dungeon}の噴火で、夜空が真っ赤に染まったという話でもちきりだ。	溶けた岩が川のように流れ、近くの村まで熱風が吹きつけたとか。真偽はともかく、熱に耐える身支度を探す客が店先に並びはじめているらしい。	anonymous	draft	Jev10/08 J1 ja0.99 en1.00 OK / J3 OK	Loud rumor: huge eruption at {dungeon} turns the night sky red; people look for heat-proof outfits.
EV_VOLCANO.craft.report	EV_VOLCANO	craft	report	normal		火山の熱、鎧を傷める	{dungeon}から戻った冒険者の装備に、熱による傷みが目立つことが工房への持ち込みで確認された。	親方衆によれば、並の金具は熱で歪み、継ぎ目から焼けてしまうという。「熱を冷まして受け流す素材でなければ、あの火の中では持たない」と、ある鎧職人は話す。	confirmed	draft	Jev10/08 J1 ja1.00 en0.99 OK / J3 OK	Workshops confirm heat damage on gear returning from {dungeon}; an armorer says only heat-cooling materials survive that fire.
EV_VOLCANO.*.result	EV_VOLCANO	*	result	normal		{dungeon}の噴火、ようやく沈静	{dungeon}で続いていた噴火が収まった。周辺の立ち入り制限も順次解かれる。	熱波の中を生還した冒険者たちは「身に着けていたもので命拾いした」と口をそろえる。現地では復旧の作業が始まっている。		draft	旧R002を移行	The eruption at {dungeon} has calmed; survivors credit what they wore.
EV_VOLCANO.*.correction	EV_VOLCANO	*	correction	normal		お詫びと訂正　{dungeon}の噴火について	先に報じた{dungeon}の噴火は、小さな噴気を見誤ったものと分かりました。	現地を確かめたところ、噴火と呼べる動きは確認されませんでした。誤った話を載せたことをお詫びします。		draft		Correction: the {dungeon} eruption was a small vent misread; no eruption occurred.
EV_BEAST_MIGRATION.guild.report	EV_BEAST_MIGRATION	guild	report	normal		獣の群れ、{dungeon}を出て南下	{dungeon}から獣の群れが南へ移動している。街道沿いの集落では警戒が強まっている。	群れは風のように駆ける大型の個体を含み、まともに組み合えば無傷では済まないという。街道を使う者は身を固めて出るよう呼びかけられている。	confirmed	draft	Jev10/08 J1 ja0.72 en0.92 OK / J3 OK	A beast herd leaves {dungeon} heading south; fast large beasts, travelers told to armor up.
EV_BEAST_MIGRATION.royal.report	EV_BEAST_MIGRATION	royal	report	normal		街道の通行につき注意を布告	王立広報局は、{dungeon}より出た獣の群れが街道沿いを移動していることを確認した。	同局は、獣の爪牙による負傷が報告されているとして、街道を行く者に身の守りを固めるよう求めている。討伐の要否は追って定める。	confirmed	draft	Jev10/08 J1 ja0.90 en0.93 OK / J3 OK	Royal office confirms a beast herd from {dungeon} on the highway; travelers must strengthen their protection.
EV_BEAST_MIGRATION.tabloid.report	EV_BEAST_MIGRATION	tabloid	report	normal		街道に獣の大群、牙をむく！	{dungeon}の獣が群れで街道へ出てきたという話だ。行商人が何人も追い回されたとか。	「風みたいに速くて、逃げる間もなく噛みつかれた」と話す者もいる。命あっての物種、身を守るもので固めて出かけるのが一番だという声が多いそうだ。	anonymous	draft	Jev10/08 J1 ja0.77 en0.92 OK / J3 OK	Rumor: beasts from {dungeon} chase peddlers on the road, fast as wind; best to go out well protected.
EV_BEAST_MIGRATION.*.result	EV_BEAST_MIGRATION	*	result	normal		獣の群れ、{dungeon}へ引き返す	街道沿いを南下していた獣の群れが、{dungeon}へ戻っていった。集落の警戒は解かれた。	通りがかった旅人に大きな被害はなかったという。「身を固めて出たのが良かった」と話す行商人もいた。		draft	旧R009を移行	The beast herd returned to {dungeon}; travelers who armored up came through unharmed.
EV_BEAST_MIGRATION.*.correction	EV_BEAST_MIGRATION	*	correction	normal		お詫びと訂正　獣の群れについて	先に報じた獣の群れの南下は、放牧の牛の群れを見誤ったものと分かりました。	街道沿いの集落に確かめたところ、獣の被害は出ていませんでした。お騒がせしたことをお詫びします。		draft		Correction: the migrating beast herd was grazing cattle.
EV_DUNGEON_SURGE.royal.report	EV_DUNGEON_SURGE	royal	report	normal		{dungeon}の魔物、活発化を確認	王立広報局は、{dungeon}に巣くう魔物の活動が著しく活発になっていることを確認した。	同局によれば、討伐隊は魔物の勢いに押され、決め手を欠いたまま後退を余儀なくされた。同局は、魔物の弱みを突ける得物を備えた上での討伐を呼びかけている。	confirmed	draft	Jev10/08 J1 ja0.91 en0.93 OK / J3 NG→guild	Royal office confirms monsters in {dungeon} have surged; hunters lacked a finishing blow and should bring weapons that exploit weaknesses.
EV_DUNGEON_SURGE.guild.report	EV_DUNGEON_SURGE	guild	report	normal		{dungeon}、討伐隊が押し返される	{dungeon}に入った討伐隊が、魔物の勢いに押されて引き揚げた。ギルドは依頼の難度を引き上げた。	隊員は「こちらの攻めがまるで通らない。あいつらの苦手を突ける得物でなければ削りきれない」と話す。依頼掲示板には{dungeon}行きの募集が並びはじめている。	confirmed	draft	Jev10/08 J1 ja0.91 en0.25 NG(属性まで絞れない) / J3 OK	A hunting party was pushed back in {dungeon}; members say only weapons hitting the monsters' weak spot can wear them down.
EV_DUNGEON_SURGE.tabloid.report	EV_DUNGEON_SURGE	tabloid	report	normal		{dungeon}の魔物が凶暴化！？	{dungeon}の魔物がやけに強くなったという話だ。	酒場では「いつもの剣じゃ歯が立たない」とぼやく冒険者が増えているとか。弱点を突く得物を探せ、と店をはしごする者もいるらしい。	anonymous	draft	Jev10/08 J1 ja0.89 en0.95 OK / J3 OK	Rumor: monsters in {dungeon} turned vicious; adventurers say their usual swords fail and look for weapons that hit weaknesses.
EV_DUNGEON_SURGE.tabloid.report.loud	EV_DUNGEON_SURGE	tabloid	report	loud		{dungeon}に魔王の手先、街は大騒ぎ！	{dungeon}の奥で魔王の手先が魔物をけしかけている、という話でもちきりだ。	見た者は一人もいないが、噂だけが一人歩きしている。「攻め手を変えなきゃ勝てない」と、冒険者たちが得物選びに血眼になっているそうだ。	anonymous	draft	Jev10/08 J1 ja0.87 en0.97 OK / J3 OK	Loud rumor: a Demon King agent is stirring up {dungeon}; nobody saw it, adventurers scramble to change weapons.
EV_DUNGEON_SURGE.commerce.report	EV_DUNGEON_SURGE	commerce	report	normal		{dungeon}の活発化、討伐依頼の報酬上向き	{dungeon}の魔物の活発化を受け、ギルドの討伐依頼の報酬が引き上げられたとみられる。	仲買人の間では、討伐に向かう者が攻めの道具を買い替えるとの見方が強い。ある商会の番頭は「守りより先に、まず刃を替えるのが冒険者の常だ」と話す。	presumed	draft	Jev10/08 J1 ja0.75 en0.80 OK / J3 NG→guild	Hunt rewards for {dungeon} reportedly rise after a monster surge; brokers expect hunters to replace their offensive gear first.
EV_DUNGEON_SURGE.*.result	EV_DUNGEON_SURGE	*	result	normal		{dungeon}の魔物、勢い衰える	{dungeon}で活発になっていた魔物の動きが、落ち着きを取り戻した。	討伐隊は「弱みを正面から突ける得物に持ち替えてから、ようやく押し返せた」と振り返る。依頼掲示板の募集も平常に戻りつつある。		draft		Monsters in {dungeon} have calmed; hunters say switching to weapons that hit their weakness turned it around.
EV_DUNGEON_SURGE.*.correction	EV_DUNGEON_SURGE	*	correction	normal		お詫びと訂正　{dungeon}の魔物について	先に報じた{dungeon}の魔物の活発化は、季節ごとの移動を見誤ったものと分かりました。	ギルドに確かめたところ、討伐隊の後退は物資の不足によるもので、魔物の勢いに変わりはなかったとのことです。お詫びして訂正します。		draft		Correction: the {dungeon} surge was seasonal movement; the retreat was due to supplies.
EV_DUNGEON_INJURIES.guild.report	EV_DUNGEON_INJURIES	guild	report	normal		{dungeon}で負傷者相次ぐ	{dungeon}に入った冒険者の負傷が続いている。ギルドは注意を呼びかけている。	魔物の攻撃が以前より苛烈になり、受け止めきれずに深手を負う例が目立つという。ギルドの職員は「攻撃と同じ性質の守りでは防げない。その攻撃を打ち消す相性の守りで身を固めてほしい」と話す。	confirmed	draft	Jev(10/08) J1 ミスリード（Water_Armor に寄る＝攻撃と同じ属性の防具と誤読）→「攻撃を打ち消す相性の守り」を明記。再検証: Jev10/08 J1 ja0.73 en0.65 OK / J3 OK	Injuries keep piling up in {dungeon}; attacks are fiercer, and the guild says to wear protection whose nature counters those attacks, not protection of the same nature.
EV_DUNGEON_INJURIES.tabloid.report	EV_DUNGEON_INJURIES	tabloid	report	normal		{dungeon}から担架の行列！？	{dungeon}から帰る冒険者が、そろって包帯だらけだという話だ。	「あれは避けきれない、受けて耐えるしかない」と、治療院の前で嘆く声が聞かれたとか。魔物の攻撃に強い相性の守りを着ていた者だけは、軽い傷で済んだそうだ。	anonymous	draft	Jev(10/08) J1 ミスリード（Water_Armor に寄る＝攻撃と同じ属性の防具と誤読）→「攻撃を打ち消す相性の守り」を明記。再検証: Jev10/08 J1 ja0.65 en0.74 OK / J3 OK	Rumor: everyone returning from {dungeon} is bandaged; only those wearing protection that counters the monsters' attacks got off lightly.
EV_DUNGEON_INJURIES.royal.report	EV_DUNGEON_INJURIES	royal	report	normal		{dungeon}立入に際し防護の徹底を通達	王立広報局は、{dungeon}における負傷者の増加を確認し、立ち入る者に防護の徹底を通達した。	同局によれば、負傷の多くは魔物の攻撃を受けた際の防ぎの不足によるもの。治療院の負担が増しているとして、魔物の攻撃に相性の良い守りを整えずに立ち入ることを戒めている。	confirmed	draft	Jev(10/08) J1 ミスリード（Water_Armor に寄る＝攻撃と同じ属性の防具と誤読）→「攻撃を打ち消す相性の守り」を明記。再検証: Jev10/08 J1 ja0.01 en0.00 NG(属性まで絞れない) / J3 OK	Royal office confirms rising injuries in {dungeon}, mostly from insufficient protection; entrants must wear protection suited to counter the monsters' attacks.
EV_DUNGEON_INJURIES.*.result	EV_DUNGEON_INJURIES	*	result	normal		{dungeon}の負傷者、減りはじめる	{dungeon}で相次いでいた冒険者の負傷が、落ち着きを見せている。	治療院の医師は「魔物の攻撃に合った守りで固めた者は、傷が浅く済んでいる」と話す。ギルドも注意の呼びかけを解いた。		draft		Injuries in {dungeon} are falling; those protected against the monsters' attacks got only light wounds.
EV_DUNGEON_INJURIES.*.correction	EV_DUNGEON_INJURIES	*	correction	normal		お詫びと訂正　{dungeon}の負傷者について	先に報じた{dungeon}での負傷者の増加は、別の地での事故と取り違えたものでした。	治療院に確かめたところ、{dungeon}からの負傷者は例年と変わりませんでした。お詫びして訂正します。		draft		Correction: the {dungeon} injuries were confused with an accident elsewhere.
EV_MAUSOLEUM_RESTLESS.guild.report	EV_MAUSOLEUM_RESTLESS	guild	report	normal		{dungeon}の死者、地上へ這い出す	{dungeon}から死者の群れが地上へ出はじめたことが、ギルドの見回りで確認された。	死者たちは闇をまとい、斬っても突いても再び起き上がるという。見回りの隊長は「闇を払う力のこもった得物でなければ、眠らせることはできない」と話す。	confirmed	draft	Jev10/08 J1 ja1.00 en0.95 OK / J3 OK	Guild confirms the dead crawling out of {dungeon}; wrapped in darkness they rise again unless struck with darkness-dispelling weapons.
EV_MAUSOLEUM_RESTLESS.tabloid.report	EV_MAUSOLEUM_RESTLESS	tabloid	report	normal		{dungeon}の亡者、夜な夜なさまよう！	{dungeon}のあたりで、亡者がうろつくのを見たという話が絶えない。	墓守の爺さんいわく「あいつらはまぶしいものを嫌う」。清めの光で斬り払うしかない、と寺院の前に人だかりができているそうだ。	anonymous	draft	Jev10/08 J1 ja0.99 en0.99 OK / J3 OK	Rumor: the dead wander near {dungeon} every night; the gravekeeper says they hate brightness, only purifying light can cut them down.
EV_MAUSOLEUM_RESTLESS.tabloid.report.loud	EV_MAUSOLEUM_RESTLESS	tabloid	report	loud		{dungeon}の王がよみがえった！？	{dungeon}に眠る古の王が目を覚ました、という話が街中を駆けめぐっている。	亡者の軍勢を率いて地上へ攻め上るとまで言われるが、出どころは定かでない。それでも闇を払う光の得物を求める声は日に日に大きくなっているそうだ。	anonymous	draft	Jev10/08 J1 ja1.00 en1.00 OK / J3 OK	Loud rumor: the ancient king of {dungeon} has awakened with an undead army; calls for light weapons grow.
EV_MAUSOLEUM_RESTLESS.royal.report	EV_MAUSOLEUM_RESTLESS	royal	report	normal		{dungeon}周辺の封鎖を布告	王立広報局は、{dungeon}より死者が地上に出ていることを確認し、周辺の封鎖を布告した。	同局は、寺院と協議の上で討伐を進めるとし、討伐に加わる者には闇の者を討ち払う得物を携えるよう求めている。	confirmed	draft	Jev10/08 J1 ja0.99 en1.00 OK / J3 NG→guild	Royal office seals off {dungeon} as the dead emerge; hunters must carry weapons that strike down dark beings.
EV_MAUSOLEUM_RESTLESS.*.result	EV_MAUSOLEUM_RESTLESS	*	result	normal		{dungeon}の死者、再び眠りにつく	{dungeon}から出ていた死者の群れが、ようやく鎮まった。周辺の封鎖も解かれる。	討伐に加わった者は「光の力で斬り払うと、死者はあっけなく崩れた」と話す。寺院では鎮魂の祈りが続けられている。		draft		The dead from {dungeon} are at rest again; hunters say light-powered strikes made them crumble.
EV_MAUSOLEUM_RESTLESS.*.correction	EV_MAUSOLEUM_RESTLESS	*	correction	normal		お詫びと訂正　{dungeon}の死者について	先に報じた{dungeon}からの死者の出現は、墓荒らしの一団を見誤ったものと分かりました。	墓荒らしはすでに捕らえられ、霊廟に異状は無いとのことです。読者の皆様にお詫びします。		draft		Correction: the dead from {dungeon} were grave robbers, now caught.
EV_METALLION_BEAM.guild.report	EV_METALLION_BEAM	guild	report	normal		{dungeon}の機構兵、閃光を放つ	{dungeon}の機構兵が、まばゆい光線を放つようになったことが確認された。	光線を受けた冒険者は、鎧ごと焼かれたように倒れたという。調査隊は「あの光を受け流せる守りがなければ、近づくことすら難しい」と報告している。	confirmed	draft	Jev10/08 J1 ja0.95 en0.99 OK / J3 OK	Guild confirms machine soldiers in {dungeon} now fire blinding beams; without protection that deflects the light you cannot get close.
EV_METALLION_BEAM.royal.report	EV_METALLION_BEAM	royal	report	normal		{dungeon}の動向につき注意を布告	王立広報局は、{dungeon}の機構が再び稼働し、強い光を放つ兵が現れたことを確認した。	同局は、立ち入る者は光による害から身を守る備えを整えるよう求めている。城塞の調査は継続する。	confirmed	draft	Jev10/08 J1 ja0.97 en0.97 OK / J3 OK	Royal office confirms {dungeon} machinery reactivated with light-emitting soldiers; entrants must protect against light.
EV_METALLION_BEAM.craft.report	EV_METALLION_BEAM	craft	report	normal		光を受け流す素材、試作すすむ	{dungeon}の機構兵が放つ光線について、職人組合が調べを進めているとみられる。	組合の技師によれば、あの光は磨いた金属ではかえって照り返して危うく、光を吸い込む暗い素材のほうが受け流せるという。鎧職人の間で試作が始まっている。	presumed	draft	Jev10/08 J1 ja0.99 en0.99 OK / J3 OK	Craftsmen study the beams of {dungeon}'s machines; polished metal reflects dangerously, dark light-absorbing materials deflect it better for armor.
EV_METALLION_BEAM.*.result	EV_METALLION_BEAM	*	result	normal		{dungeon}の機構、再び停止	{dungeon}で稼働していた機構が止まり、光線を放つ兵の姿も消えた。	調査に入った者は「光を吸う暗い守りで固めていたおかげで、近づくことができた」と振り返る。城塞の調査はなお続く。		draft		{dungeon}'s machinery has stopped; investigators say dark light-absorbing protection let them approach.
EV_METALLION_BEAM.*.correction	EV_METALLION_BEAM	*	correction	normal		お詫びと訂正　{dungeon}の機構兵について	先に報じた{dungeon}の機構兵の閃光は、城壁に反射した日の光を見誤ったものと分かりました。	調査隊が確かめたところ、機構は止まったままでした。お詫びして訂正します。		draft		Correction: the {dungeon} beams were sunlight reflecting off walls.
EV_DUNGEON_CALM.guild.report	EV_DUNGEON_CALM	guild	report	normal		{dungeon}、魔物の姿まばらに	{dungeon}で魔物の数が目に見えて減っていることが、見回りで確認された。	討伐隊は「今なら手持ちの得物で十分に渡り合える」と話す。急いで攻めの道具をそろえる必要は薄いとの見方だ。	confirmed	draft	Jev10/08 J1 ja0.37 en0.60 NG(属性まで絞れない) / J3 OK	Guild confirms monsters in {dungeon} have thinned; hunters say current weapons are enough.
EV_DUNGEON_CALM.royal.report	EV_DUNGEON_CALM	royal	report	normal		{dungeon}の警戒段階を引き下げ	王立広報局は、{dungeon}における魔物の活動が鎮まっていることを確認し、警戒の段階を引き下げた。	同局は、討伐令の一部を取り下げるとしている。討伐隊の編成も縮小される見通し。	confirmed	draft	Jev10/08 J1 ja0.75 en0.71 OK / J3 OK	Royal office lowers the alert for {dungeon}; parts of the hunt order are withdrawn.
EV_DUNGEON_CALM.commerce.report	EV_DUNGEON_CALM	commerce	report	normal		{dungeon}の静けさ、討伐の商いに影	{dungeon}の魔物が減ったとの報を受け、討伐向けの商いが細るとみられる。	仲買人の間では、冒険者が得物の買い替えを先送りするとの見方が広がる。ある商会は「しばらくは手持ちの刃で足りる、という客が増えそうだ」と話す。	presumed	draft	Jev10/08 J1 ja0.00 en0.00 NG(属性まで絞れない) / J3 OK	With fewer monsters in {dungeon}, brokers expect adventurers to postpone replacing weapons.
EV_DUNGEON_CALM.*.result	EV_DUNGEON_CALM	*	result	normal		{dungeon}、静かなまま季節を越す	魔物が減っていた{dungeon}は、大きな騒ぎもなく落ち着いている。	冒険者たちは「手持ちの得物で十分だった」と話す。討伐隊の多くは別の地へ回された。		draft		{dungeon} stayed quiet; adventurers say their existing weapons were enough.
EV_DUNGEON_CALM.*.correction	EV_DUNGEON_CALM	*	correction	normal		お詫びと訂正　{dungeon}の魔物について	先に魔物が減ったと報じた{dungeon}は、実際には例年どおりの様子でした。	見回りの範囲が浅かったため、魔物の数を少なく見誤っていました。お詫びして訂正します。		draft		Correction: monster numbers in {dungeon} were normal; the patrol was too shallow.
EV_ROCK_GOLEM.guild.report	EV_ROCK_GOLEM	guild	report	normal		{region}に岩の巨兵、街道ふさぐ	{region}で、岩でできた巨兵が街道に居座っていることが確認された。	巨兵は大地の力をまとい、槌も斧も跳ね返すという。調査隊は「あの硬さには、鋭い風で継ぎ目を裂くほかない」と見ている。	confirmed	draft	Jev10/08 J1 ja0.96 en0.99 OK / J3 OK	Guild confirms an earth-powered rock golem blocking the road in {region}; hammers bounce off, only sharp wind can split its joints.
EV_ROCK_GOLEM.tabloid.report	EV_ROCK_GOLEM	tabloid	report	normal		動く岩山が街道をふさぐ！	{region}で、岩山が歩いて街道をふさいだという話だ。	荷車を引いていた男は「斧で叩いても火花が散るだけ」と青い顔。遠くから風に乗せた矢で継ぎ目を射抜くのがいい、と猟師たちは言っているらしい。	anonymous	draft	Jev10/08 J1 ja0.95 en0.98 OK / J3 OK	Rumor: a walking rock hill blocks the road in {region}; axes only spark, hunters say wind-borne arrows at the joints work.
EV_ROCK_GOLEM.commerce.report	EV_ROCK_GOLEM	commerce	report	normal		{region}で街道ふさがる、荷の流れ滞る	{region}で岩の巨兵が街道に居座り、荷の行き来が止まっているとみられる。	商会は討伐の依頼を出した。依頼を受けた傭兵は、遠間から硬い継ぎ目を断てる、風をまとう得物を探しているという。	presumed	draft	Jev10/08 J1 ja0.99 en1.00 OK / J3 NG→guild	A rock golem reportedly halts freight in {region}; mercenaries hired to clear it seek wind-imbued weapons.
EV_ROCK_GOLEM.*.result	EV_ROCK_GOLEM	*	result	normal		{region}の巨兵、討たれる	{region}で街道に居座っていた岩の巨兵が討伐され、荷の行き来が戻った。	討伐隊は「風の刃で継ぎ目を裂いたら、岩はばらばらに崩れた」と話す。		draft		The rock golem in {region} was destroyed; wind blades split its joints.
EV_ROCK_GOLEM.*.correction	EV_ROCK_GOLEM	*	correction	normal		お詫びと訂正　{region}の巨兵について	先に報じた{region}の岩の巨兵は、崖崩れで転がった大岩を見誤ったものと分かりました。	大岩はすでに取り除かれ、街道は通れるようになっています。お詫びして訂正します。		draft		Correction: the {region} golem was a fallen boulder.
EV_HERO_HIGH_QUEST.guild.report	EV_HERO_HIGH_QUEST	guild	report	normal		{hero}、格上の依頼を受注	{hero}が実力より一段上の討伐依頼を引き受けたことが分かった。報酬も相応に高い。	ギルドの職員は「今の装備のままでは厳しい」と漏らす。本人は出発前に店を回るつもりだと話しており、資金にも余裕があるようだ。ひとつ上の格の品に手を伸ばすのでは、との見方もある。	confirmed	draft	Jev10/08 J1 ja0.94 en0.98 OK / J3 OK	{hero} accepted a quest above their level with a high reward; has money to spend and may reach for higher-class gear.
EV_HERO_HIGH_QUEST.tabloid.report	EV_HERO_HIGH_QUEST	tabloid	report	normal		{hero}、大物狙いで財布の紐ゆるむ！？	{hero}が身の丈に合わない大仕事を引き受けたという話だ。	前金をたっぷり受け取ったとかで、高い品の並ぶ棚をのぞき込む姿が見られたそうだ。	anonymous	draft	Jev10/08 J1 ja0.98 en0.97 OK / J3 OK	Rumor: {hero} took on a big job, got a fat advance and was seen browsing the expensive shelf.
EV_HERO_HIGH_QUEST.commerce.report	EV_HERO_HIGH_QUEST	commerce	report	normal		{hero}の大口依頼、上物の商いに追い風か	{hero}が高額の討伐依頼を受けたとみられ、前金の支払いも済んだもよう。	商会筋は「懐の温かい冒険者は、上の格の品から見ていくものだ」と話す。値の張る品の在庫を確かめる店も出ている。	presumed	draft	Jev10/08 J1 ja0.97 en0.93 OK / J3 OK	{hero} reportedly took a lucrative quest with advance paid; merchants say well-off adventurers start from the top shelf.
EV_HERO_HIGH_QUEST.*.result	EV_HERO_HIGH_QUEST	*	result	normal		{hero}、大仕事を終えて帰還	格上の依頼に挑んでいた{hero}が、無事に戻った。	本人は「出発前に良い品をそろえたのが効いた」と話す。ギルドは次の依頼の打診を始めている。		draft		{hero} returned from the big quest; says buying good gear beforehand paid off.
EV_HERO_HIGH_QUEST.*.correction	EV_HERO_HIGH_QUEST	*	correction	normal		お詫びと訂正　{hero}の依頼について	先に報じた{hero}の格上の依頼の受注は、別の冒険者と取り違えたものでした。	ギルドに確かめたところ、{hero}は普段どおりの依頼を受けていました。お詫びして訂正します。		draft		Correction: the high quest was another adventurer's; {hero} took ordinary work.
EV_HERO_EXPEDITION.guild.report	EV_HERO_EXPEDITION	guild	report	normal		{hero}一行、{dungeon}へ遠征か	{hero}一行が近く{dungeon}へ向かうとの見方が強まっている。出発の時期は明らかでない。	一行に近い者は「行き先は決めかねている」と話しており、遠征の規模も定まっていないようだ。それでも{dungeon}の魔物の攻撃に備える身支度を始めた商会があるという。	presumed	draft	Jev10/08 J1 ja0.00 en0.01 NG(属性まで絞れない) / J3 NG→tabloid	{hero}'s party may head to {dungeon}; timing and scale unclear, some merchants prepare gear to withstand its monsters' attacks.
EV_HERO_EXPEDITION.tabloid.report	EV_HERO_EXPEDITION	tabloid	report	normal		{hero}、{dungeon}に殴り込み！	{hero}が{dungeon}へ乗り込むつもりらしい、という話だ。	あそこの魔物の攻撃は骨身にこたえると評判で、「まずは守りを固めてから」と仲間に話していたとか。	anonymous	draft	Jev10/08 J1 ja0.02 en0.00 NG(属性まで絞れない) / J3 OK	Rumor: {hero} plans to storm {dungeon}; its monsters hit hard, so they said to shore up protection first.
EV_HERO_EXPEDITION.tabloid.report.loud	EV_HERO_EXPEDITION	tabloid	report	loud		{hero}、{dungeon}で魔王軍と決戦へ！？	{hero}が{dungeon}で一世一代の大勝負に出る、と街は大騒ぎだ。	話は日ごとに大きくなり、今では軍勢を率いるとまで言われている。守りを固める品を買いあさる者まで現れたそうだ。	anonymous	draft	Jev10/08 J1 ja0.00 en0.01 NG(属性まで絞れない) / J3 OK	Loud rumor: {hero} will fight the decisive battle in {dungeon}, leading an army; people buy up protective gear.
EV_HERO_EXPEDITION.commerce.report	EV_HERO_EXPEDITION	commerce	report	normal		{hero}の遠征観測、商会に支度の動き	{hero}一行が{dungeon}へ向かうとの観測から、商会の間で身支度の品をそろえる動きがあるとみられる。	ある番頭は「{dungeon}の魔物の攻め手を防げる品が要るはずだ」と話す。ただ一行の出発日は決まっておらず、様子見の商会も多い。	presumed	draft	Jev10/08 J1 ja0.02 en0.03 NG(属性まで絞れない) / J3 OK	Merchants reportedly stock gear for {hero}'s possible trip to {dungeon}, items that block its monsters' attacks; date undecided.
EV_HERO_EXPEDITION.*.result	EV_HERO_EXPEDITION	*	result	normal		{hero}一行、{dungeon}から帰還	{dungeon}へ向かっていた{hero}一行が戻った。	同行者は「魔物の攻撃に合った守りを着ていったのが正解だった」と話す。一行はすでに次の行き先の検討に入っている。		draft	旧R013「噂ほど大がかりな遠征ではなかった」は誇張時専用の文面のため、社共通の結果文では中立に変更	{hero}'s party returned from {dungeon}; wearing protection suited to its attacks was right.
EV_HERO_EXPEDITION.*.correction	EV_HERO_EXPEDITION	*	correction	normal		お詫びと訂正　{hero}一行の遠征について	先に報じた{hero}一行の{dungeon}への遠征は、事実ではありませんでした。	一行に確かめたところ、遠征の予定は無く、街で休養を取っていたとのことです。お詫びして訂正します。		draft		Correction: {hero}'s party has no plan to go to {dungeon}; they were resting.
EV_HERO_PROMOTION.guild.report	EV_HERO_PROMOTION	guild	report	normal		{hero}、上位等級へ昇格	冒険者ギルドは、{hero}を上位の等級へ昇格させたと発表した。	昇格により、これまで受けられなかった高位の依頼が解禁される。ギルドの職員は「格に見合った一流の装備をそろえる時期だ」と話している。	confirmed	draft	Jev10/08 J1 ja0.96 en0.95 OK / J3 OK	Guild promotes {hero} to a higher rank, unlocking elite quests; time for first-class gear.
EV_HERO_PROMOTION.royal.report	EV_HERO_PROMOTION	royal	report	normal		{hero}に王家より褒賞	王立広報局は、{hero}の功績を認め、王家より褒賞金を下賜したことを発表した。	同局によれば、褒賞は先の討伐における働きに報いるもの。{hero}は今後、王国の重要な討伐を担う見込みである。	confirmed	draft	Jev10/08 J1 ja0.17 en0.02 NG(対象なしに寄る) / J3 OK	Royal office announces a royal reward for {hero}, who will take on important hunts.
EV_HERO_PROMOTION.tabloid.report	EV_HERO_PROMOTION	tabloid	report	normal		{hero}、一夜で大金持ち！？	{hero}が昇格して、ずっしり重い褒美をもらったという話だ。	「安物はもう卒業だ」と酒場で笑っていたとか。高い品の棚の前で長いこと悩んでいる姿を見た者もいる。	anonymous	draft	Jev10/08 J1 ja0.96 en0.93 OK / J3 OK	Rumor: {hero} got promoted with a heavy reward and says goodbye to cheap gear.
EV_HERO_PROMOTION.tabloid.report.loud	EV_HERO_PROMOTION	tabloid	report	loud		{hero}、王様から城を賜る！？	{hero}が王家から城ひとつ分の褒美をもらった、という話まで出ている。	さすがに大げさだろうが、懐が温かいのは確からしい。一番いい品を見せろと店を回っているという噂だ。	anonymous	draft	Jev10/08 J1 ja0.97 en0.97 OK / J3 OK	Loud rumor: {hero} received a castle's worth of reward and demands the best items.
EV_HERO_PROMOTION.commerce.report	EV_HERO_PROMOTION	commerce	report	normal		{hero}の昇格、上物の商いに追い風	{hero}の昇格と褒賞金の受け取りが伝わり、値の張る品を扱う店が色めき立っているとみられる。	商会筋は「等級が上がった冒険者は、まず身の回りの品を一段上の格に替える」と話す。高位の依頼に耐える品の在庫を確かめる店が出ている。	presumed	draft	Jev10/08 J1 ja0.99 en0.95 OK / J3 OK	{hero}'s promotion and reward stir high-end shops; promoted adventurers upgrade to a higher class of goods.
EV_HERO_PROMOTION.*.result	EV_HERO_PROMOTION	*	result	normal		{hero}、昇格後初の大仕事を終える	上位等級に昇格した{hero}が、初めての高位の依頼を果たした。	本人は「格に見合う品に替えて正解だった」と話す。ギルドの評価も上々だという。		draft		{hero} finished the first elite quest; upgrading gear was right.
EV_HERO_PROMOTION.*.correction	EV_HERO_PROMOTION	*	correction	normal		お詫びと訂正　{hero}の昇格について	先に報じた{hero}の昇格と褒賞は、審査の段階の話を誤って伝えたものでした。	ギルドに確かめたところ、昇格はまだ決まっていないとのことです。お詫びして訂正します。		draft		Correction: {hero}'s promotion is still under review.
EV_HERO_WEAPON_BROKEN.guild.report	EV_HERO_WEAPON_BROKEN	guild	report	normal		{hero}の得物、戦いで折れる	{hero}が先の戦いで愛用の得物を折ったことが、ギルドへの届け出で分かった。	次の行き先は{dungeon}とみられ、本人は「あそこの魔物の弱みを突ける一振りが欲しい」と話している。	confirmed	draft	Jev10/08 J1 ja0.49 en0.00 NG(属性まで絞れない) / J3 OK	{hero} broke their favorite weapon; heading to {dungeon} next, they want one that hits its monsters' weak point.
EV_HERO_WEAPON_BROKEN.tabloid.report	EV_HERO_WEAPON_BROKEN	tabloid	report	normal		{hero}、得物を真っ二つ！	{hero}の得物がぽっきり折れたという話だ。	次は{dungeon}に行くらしく、「どうせ買い替えるなら、あそこの魔物によく効くやつがいい」とこぼしていたとか。	anonymous	draft	Jev10/08 J1 ja0.01 en0.27 NG(属性まで絞れない/対象なしに寄る) / J3 OK	Rumor: {hero}'s weapon snapped; going to {dungeon}, wants one that works well on its monsters.
EV_HERO_WEAPON_BROKEN.craft.report	EV_HERO_WEAPON_BROKEN	craft	report	normal		{hero}の折れた得物、工房へ	{hero}が折った得物が工房に持ち込まれ、修繕は難しいと判断されたもよう。	親方は「打ち直すより新しく求めたほうが早い」と話す。{dungeon}に向かうなら、あの地の魔物の弱みに合わせた得物を選ぶべきだ、とも。	presumed	draft	Jev10/08 J1 ja0.91 en0.89 OK / J3 NG→guild	{hero}'s broken weapon is beyond repair; the master says pick a new one matched to {dungeon}'s monsters' weakness.
EV_HERO_WEAPON_BROKEN.*.result	EV_HERO_WEAPON_BROKEN	*	result	normal		{hero}、新しい得物で{dungeon}を突破	得物を折っていた{hero}が、{dungeon}での戦いを乗り切った。	本人は「魔物の弱みに合った一振りに替えたら、面白いように通った」と話す。		draft		{hero} got through {dungeon} with a new weapon matched to the monsters' weakness.
EV_HERO_WEAPON_BROKEN.*.correction	EV_HERO_WEAPON_BROKEN	*	correction	normal		お詫びと訂正　{hero}の得物について	先に報じた{hero}の得物が折れたという話は、事実ではありませんでした。	本人に確かめたところ、手入れに出していただけとのことです。お詫びして訂正します。		draft		Correction: {hero}'s weapon was only out for maintenance.
EV_HERO_INJURED.guild.report	EV_HERO_INJURED	guild	report	normal		{hero}、深手を負い療養	{hero}が先の戦いで深手を負い、療養に入ったことが確認された。	傷は癒えつつあるが、本人は「次の{dungeon}では、もっと守りを固めて臨む」と話している。	confirmed	draft	Jev10/08 J1 ja0.00 en0.00 NG(属性まで絞れない) / J3 OK	{hero} is recovering from serious wounds and vows stronger protection for {dungeon}.
EV_HERO_INJURED.tabloid.report	EV_HERO_INJURED	tabloid	report	normal		{hero}、包帯ぐるぐる巻き！	{hero}が大けがをして寝込んでいるという話だ。	見舞いに行った者によれば、「次に{dungeon}へ行くときは、あの攻撃を防げるものを着ていく」と悔しがっていたとか。	anonymous	draft	Jev10/08 J1 ja0.00 en0.02 NG(属性まで絞れない) / J3 OK	Rumor: {hero} is bedridden; next time in {dungeon} they will wear something that blocks those attacks.
EV_HERO_INJURED.tabloid.report.loud	EV_HERO_INJURED	tabloid	report	loud		{hero}、もう戦えない！？	{hero}が二度と剣を握れないほどの傷を負った、という話が広まっている。	話の出どころは定かでないが、仲間たちは{dungeon}の攻撃に耐える守りを探して奔走しているらしい。	anonymous	draft	Jev10/08 J1 ja0.99 en0.99 OK / J3 OK	Loud rumor: {hero} may never fight again; companions search for protection against {dungeon}'s attacks.
EV_HERO_INJURED.*.result	EV_HERO_INJURED	*	result	normal		{hero}、傷癒えて復帰	療養していた{hero}が戦いの場へ戻った。	本人は「守りを固め直したおかげで、{dungeon}の攻撃にも耐えられた」と話す。		draft		{hero} is back; reinforced protection held against {dungeon}'s attacks.
EV_HERO_INJURED.*.correction	EV_HERO_INJURED	*	correction	normal		お詫びと訂正　{hero}の負傷について	先に報じた{hero}の負傷は、軽い打ち身であったと分かりました。	本人は翌日には稽古に戻っています。大げさに伝えたことをお詫びします。		draft		Correction: {hero}'s injury was a light bruise.
EV_HERO_FRUGAL.tabloid.report	EV_HERO_FRUGAL	tabloid	report	normal		{hero}、倹約生活に突入！？	{hero}が急に財布の紐を固くした、という話だ。	借りた金の返済に追われているとかで、高い品の棚には目もくれず、手ごろな品ばかり見ているそうだ。	anonymous	draft	Jev10/08 J1 ja0.96 en0.93 OK / J3 OK	Rumor: {hero} is pinching pennies to repay debts, ignoring expensive shelves.
EV_HERO_FRUGAL.commerce.report	EV_HERO_FRUGAL	commerce	report	normal		{hero}、出費を絞るとの見方	{hero}が借入の返済を優先し、出費を絞っているとみられる。	商会筋は「返済の時期が重なる冒険者は、値の張る品の買い替えを見送るものだ」と話す。上物を扱う店は様子見の構えだ。	presumed	draft	Jev10/08 J1 ja0.98 en0.98 OK / J3 OK	{hero} reportedly cuts spending to repay loans; such adventurers postpone pricey purchases.
EV_HERO_FRUGAL.guild.report	EV_HERO_FRUGAL	guild	report	normal		{hero}、当面は手堅い依頼に	{hero}が当面、報酬の手堅い依頼を選んで受けていることが分かった。	ギルドの職員によれば、本人は「今は蓄えを戻すのが先だ」と話しているという。装備も今あるもので済ませる考えのようだ。	confirmed	draft	Jev10/08 J1 ja0.80 en0.57 NG(対象なしに寄る) / J3 OK	{hero} takes only safe quests to rebuild savings and will make do with current gear.
EV_HERO_FRUGAL.*.result	EV_HERO_FRUGAL	*	result	normal		{hero}、返済にめど	出費を絞っていた{hero}の返済に、めどが立った。	本人は「しばらくは手ごろな品で乗り切った」と話す。		draft		{hero}'s debts are nearly repaid; got by with modest gear.
EV_HERO_FRUGAL.*.correction	EV_HERO_FRUGAL	*	correction	normal		お詫びと訂正　{hero}の倹約について	先に報じた{hero}の倹約は、別の冒険者の話を取り違えたものでした。	{hero}の暮らしぶりに変わりはありません。お詫びして訂正します。		draft		Correction: the frugality story was about another adventurer.
EV_WIND_BUY.commerce.report	EV_WIND_BUY	commerce	report	normal		風斬り隊、刃物を大量に買い付け	{region}で活動する風斬り隊が、複数の商会から刃物をまとめて買い付けたとの情報がある。	買い付けの対象は風をまとう類の得物に偏っていたという。彼らが次にどこへ向かうのかは明らかになっていない。	presumed	draft	Jev10/08 J1 ja0.96 en0.92 OK / J3 OK	The Windcutter party in {region} bulk-bought blades from several merchants, mostly wind-imbued weapons.
EV_WIND_BUY.guild.report	EV_WIND_BUY	guild	report	normal		風斬り隊、大規模な討伐を準備	{region}を拠点とする風斬り隊が、大規模な討伐の準備を進めていることが確認された。	隊は岩の魔物の討伐に向かうとみられ、隊員には風をまとった得物を持たせる方針だという。	confirmed	draft	Jev10/08 J1 ja1.00 en0.98 OK / J3 OK	Guild confirms the Windcutters prepare a big hunt against rock monsters, arming members with wind-imbued weapons.
EV_WIND_BUY.tabloid.report	EV_WIND_BUY	tabloid	report	normal		風斬り隊が店の刃物を根こそぎ！？	風斬り隊が街じゅうの得物を買い占めている、という話だ。	それも風の力がこもった品ばかりだとか。「弓も槍もごっそり持っていかれた」とぼやく店主もいるらしい。	anonymous	draft	Jev10/08 J1 ja0.97 en0.95 OK / J3 OK	Rumor: the Windcutters are buying up every wind-powered weapon in town, bows and spears included.
EV_WIND_BUY.*.result	EV_WIND_BUY	*	result	normal		風斬り隊、討伐を終えて帰還	大規模な討伐に出ていた風斬り隊が帰還した。	隊長は「風の得物で岩の魔物を切り裂いた。読みどおりだった」と話す。		draft		The Windcutters returned; wind weapons cut through the rock monsters as planned.
EV_WIND_BUY.*.correction	EV_WIND_BUY	*	correction	normal		お詫びと訂正　風斬り隊の買い付けについて	先に報じた風斬り隊の大量買い付けは、事実ではありませんでした。	隊に確かめたところ、手持ちの得物の手入れを頼んだだけとのことです。お詫びして訂正します。		draft		Correction: the Windcutters only had weapons serviced.
EV_RIVAL_CORNER.commerce.report	EV_RIVAL_CORNER	commerce	report	normal		隣街の商会、守りの品を押さえる	隣街の大きな商会が、{dungeon}向けとみられる守りの品を手広く押さえているとの話が入っている。	仲買人によれば、相当な量の防具を動かしているらしい。{dungeon}の魔物の攻撃に耐える品ばかりを選んでいるとの見方もあり、なにか掴んでいるのではという声が出ている。	presumed	draft	Jev10/08 J1 ja0.00 en0.06 NG(属性まで絞れない) / J3 NG→tabloid	A trading house in the next town is reportedly cornering protective gear suited to {dungeon}'s monster attacks.
EV_RIVAL_CORNER.guild.report	EV_RIVAL_CORNER	guild	report	normal		隣街の商会、{dungeon}遠征の支援へ	隣街の大商会が、{dungeon}へ向かう冒険者の支援に乗り出したことが分かった。	支援は{dungeon}の魔物の攻撃を防ぐ身支度が中心で、商会は各地から守りの品を集めているという。	confirmed	draft	Jev10/08 J1 ja0.00 en0.06 NG(属性まで絞れない) / J3 NG→commerce	A big trading house will support adventurers heading to {dungeon}, mainly with protection against its attacks.
EV_RIVAL_CORNER.tabloid.report	EV_RIVAL_CORNER	tabloid	report	normal		隣街の商会、なにか企んでる！？	隣街の商会が、やけに鎧や兜を買い集めているという話だ。	行き先はどうやら{dungeon}らしい。「あそこの攻撃に耐えるものを」と注文していたとか。	anonymous	draft	Jev10/08 J1 ja0.93 en0.81 OK / J3 OK	Rumor: the next town's trading house hoards armor and helmets, apparently for {dungeon}.
EV_RIVAL_CORNER.*.result	EV_RIVAL_CORNER	*	result	normal		隣街の商会、買い集めた品を放出	守りの品を押さえていた隣街の商会が、在庫を市場へ戻しはじめた。	番頭は「{dungeon}向けの身支度は、読みどおりよく動いた」と話す。		draft		The trading house releases its hoarded protective gear; {dungeon} preparations went as expected.
EV_RIVAL_CORNER.*.correction	EV_RIVAL_CORNER	*	correction	normal		お詫びと訂正　隣街の商会について	先に報じた隣街の商会の買い集めは、通常の仕入れを見誤ったものでした。	商会に確かめたところ、例年どおりの量とのことです。お詫びして訂正します。		draft		Correction: the trading house was buying normal volumes.
EV_MERC_NIGHT.commerce.report	EV_MERC_NIGHT	commerce	report	normal		{region}の傭兵団、闇夜の遠征を準備	{region}の傭兵団が、夜陰に乗じた遠征の支度を進めているとの情報が市場筋から出ている。	出どころは酒場で耳にしたという仲買人の話のみで、傭兵団の側は何も明らかにしていない。夜に紛れる闇色の得物を探す者が増えているとか。	anonymous	draft	Jev10/08 J1 ja0.91 en0.98 OK / J3 NG→tabloid	Market hearsay: mercenaries in {region} prepare a night expedition and seek dark weapons; single unnamed source.
EV_MERC_NIGHT.tabloid.report	EV_MERC_NIGHT	tabloid	report	normal		傭兵団、真夜中に何かやらかす！？	{region}の傭兵団が、月のない夜を待って動くという話だ。	闇にまぎれる黒い得物を、ひそかに集めているとか。狙いは光を放つ機械仕掛けの化け物だ、と言う者もいる。	anonymous	draft	Jev10/08 J1 ja0.99 en1.00 OK / J3 OK	Rumor: {region} mercenaries collect black weapons for a moonless night, targeting light-emitting machine monsters.
EV_MERC_NIGHT.tabloid.report.loud	EV_MERC_NIGHT	tabloid	report	loud		傭兵団、闇の軍勢と手を結ぶ！？	{region}の傭兵団が闇の力に魅入られた、という物騒な話が出回っている。	黒い刃を山ほど買い込んだとか、夜ごと儀式をしているとか、尾ひれは増える一方だ。	anonymous	draft	Jev10/08 J1 ja0.77 en0.81 OK / J3 OK	Loud rumor: {region} mercenaries fell under dark power, buying piles of black blades.
EV_MERC_NIGHT.guild.report	EV_MERC_NIGHT	guild	report	normal		{region}の傭兵団、夜間の討伐を届け出	{region}の傭兵団が、夜間の討伐をギルドに届け出たとみられる。	狙いは光を放つ機構兵の残党とされ、闇の力を宿す得物で臨む方針だという。団は詳細を明かしていない。	presumed	draft	Jev10/08 J1 ja0.99 en0.97 OK / J3 OK	{region} mercenaries reportedly filed a night hunt against light-emitting machine remnants, using dark weapons.
EV_MERC_NIGHT.*.result	EV_MERC_NIGHT	*	result	normal		{region}の傭兵団、夜の討伐を終える	夜間の討伐に出ていた{region}の傭兵団が戻った。	団員は「闇の刃は光の兵によく通った」と話す。		draft		{region} mercenaries returned; dark blades worked on light soldiers.
EV_MERC_NIGHT.*.correction	EV_MERC_NIGHT	*	correction	normal		お詫びと訂正　{region}の傭兵団の遠征について	{region}の傭兵団が遠征を準備しているとした記事について、団はこれを否定しました。	傭兵団の窓口は「冬営の支度をしているだけだ」と答えています。確かめが不十分なまま載せたことをお詫びします。		draft	旧C012を移行	Correction: the {region} mercenaries deny any expedition; only winter quarters.
EV_RIVAL_CLEARANCE.commerce.report	EV_RIVAL_CLEARANCE	commerce	report	normal		大手武具商、重い防具を投げ売り	王都の大手武具商が、岩を削り出した重い防具の在庫を一斉に手放しているとみられる。	倉の入れ替えが理由とされる。仲買の間では「しばらくは同じ品が安く市中にあふれる」との見方が出ている。	presumed	draft	Jev10/08 J1 ja0.88 en0.85 OK / J3 OK	A major arms dealer reportedly dumps heavy stone-cut armor; brokers expect the market flooded with it.
EV_RIVAL_CLEARANCE.craft.report	EV_RIVAL_CLEARANCE	craft	report	normal		重い防具、市中にあふれる	大手武具商の倉払いで、岩を用いた重い防具が市中に多く出回ったことが確認された。	工房の親方は「同じ品がこれだけ出回れば、新しく打つ注文は入るまい」と話す。炉を別の品に回す工房も出ている。	confirmed	draft	Jev10/08 J1 ja0.96 en0.92 OK / J3 OK	Confirmed: heavy stone armor floods the market after a dealer's clearance; workshops expect no new orders.
EV_RIVAL_CLEARANCE.tabloid.report	EV_RIVAL_CLEARANCE	tabloid	report	normal		武具屋の大安売り、鎧が山積み！	大きな武具屋が、ごつい石の鎧を店先に山積みにしているという話だ。	重くて売れ残ったのでは、と口さがない者もいる。欲しい者はもう手に入れてしまった、という声も多いそうだ。	anonymous	draft	Jev10/08 J1 ja0.60 en0.95 OK / J3 OK	Rumor: a big arms shop piles stone armor out front in a clearance sale.
EV_RIVAL_CLEARANCE.*.result	EV_RIVAL_CLEARANCE	*	result	normal		武具商の倉払い、一段落	重い防具を手放していた大手武具商の倉払いが終わった。	市中に出回った品は、おおむね行き渡ったという。		draft		The dealer's clearance of heavy armor is over; stock has spread through the market.
EV_RIVAL_CLEARANCE.*.correction	EV_RIVAL_CLEARANCE	*	correction	normal		お詫びと訂正　武具商の倉払いについて	先に報じた大手武具商の倉払いは、事実ではありませんでした。	武具商に確かめたところ、店の模様替えで品を並べ替えただけとのことです。お詫びして訂正します。		draft		Correction: the dealer was only rearranging the shop.
EV_RIVAL_FIRE_PARTY.guild.report	EV_RIVAL_FIRE_PARTY	guild	report	normal		紅蓮団、怪鳥討伐へ	{region}を拠点とする紅蓮団が、嵐を呼ぶ怪鳥の討伐を請け負ったことが確認された。	怪鳥は強い風をまとい、近づく者を吹き飛ばすという。団長は「あの風は焼き払うに限る」と話している。	confirmed	draft	Jev10/08 J1 ja0.99 en0.99 OK / J3 OK	Guild confirms the Crimson band will hunt a storm bird wrapped in strong wind; the leader says burn the wind away.
EV_RIVAL_FIRE_PARTY.commerce.report	EV_RIVAL_FIRE_PARTY	commerce	report	normal		紅蓮団、得物の大口注文	紅蓮団が複数の工房に得物を大口で注文したとみられる。	注文は火の力を宿す類に偏っているという。怪鳥の討伐に向けた支度とされ、他の団も追随するのではとの観測が出ている。	presumed	draft	Jev10/08 J1 ja0.96 en0.99 OK / J3 OK	The Crimson band reportedly placed bulk orders for fire-imbued weapons for a storm bird hunt.
EV_RIVAL_FIRE_PARTY.tabloid.report	EV_RIVAL_FIRE_PARTY	tabloid	report	normal		紅蓮団、空飛ぶ化け物に挑む！	紅蓮団が、嵐を連れてくる怪鳥を狩りに行くという話だ。	風で矢も届かないから、燃える刃で叩き落とすのだとか。鍛冶場は火の粉が飛びっぱなしだそうだ。	anonymous	draft	Jev10/08 J1 ja0.99 en1.00 OK / J3 OK	Rumor: the Crimson band hunts a storm-bringing bird; arrows fail in the wind, so burning blades it is.
EV_RIVAL_FIRE_PARTY.*.result	EV_RIVAL_FIRE_PARTY	*	result	normal		紅蓮団、怪鳥を討ち取る	紅蓮団が、嵐を呼ぶ怪鳥の討伐に成功した。	団長は「風の翼は火に弱かった」と話す。{region}の空にも晴れ間が戻った。		draft		The Crimson band killed the storm bird; its wind wings were weak to fire.
EV_RIVAL_FIRE_PARTY.*.correction	EV_RIVAL_FIRE_PARTY	*	correction	normal		お詫びと訂正　紅蓮団の討伐について	先に報じた紅蓮団の怪鳥討伐は、別の団の話を取り違えたものでした。	紅蓮団は現在、街で休養中とのことです。お詫びして訂正します。		draft		Correction: the storm bird hunt was another band's; the Crimson band is resting.
EV_MINE_COLLAPSE.craft.report	EV_MINE_COLLAPSE	craft	report	normal		{region}近くの鉱山で落盤事故	{region}近くの鉱山で落盤事故が発生した。負傷者が多数出ており、採掘は当面止まる見通し。	この鉱山は硬質の鉱石の主要な産地で、各地の工房が原料をここに頼っている。とりわけ岩のように固い鎧や兜を打つ工房は、炉の火を落とすほかないという。	confirmed	draft	Jev10/08 J1 ja0.30 en0.81 NG(対象なしに寄る) / J3 OK	A cave-in halted the mine in {region}, main source of hard ore; workshops making rock-hard armor must bank their furnaces.
EV_MINE_COLLAPSE.commerce.report	EV_MINE_COLLAPSE	commerce	report	normal		鉱石の入荷途絶、重い防具の仕入れに影	{region}近くの鉱山の落盤で、硬質の鉱石の入荷が止まったとみられる。	仲買人は「岩を鍛えた防具は、次の入荷までしばらく手に入りにくい」と話す。在庫を抱える店は強気の構えだ。	presumed	draft	Jev10/08 J1 ja0.94 en0.89 OK / J3 OK	Hard ore deliveries from {region} reportedly stopped; rock-forged armor will be hard to get.
EV_MINE_COLLAPSE.royal.report	EV_MINE_COLLAPSE	royal	report	normal		{region}近くの鉱山の事故につき救援を指示	王立広報局は、{region}近くの鉱山で落盤事故が発生したことを確認し、救援隊の派遣を指示した。	同局によれば、坑道の復旧には相当の期間を要する見込み。同鉱山の鉱石は王国の防具づくりを支えており、同局は代わりの産地の確保を急ぐとしている。	confirmed	draft	Jev10/08 J1 ja0.69 en0.80 OK / J3 OK	Royal office confirms the {region} mine cave-in; its ore supports the kingdom's armor making.
EV_MINE_COLLAPSE.guild.report	EV_MINE_COLLAPSE	guild	report	normal		鉱山の落盤、救援の依頼出る	{region}近くの鉱山の落盤を受け、ギルドに救援の依頼が出された。	坑道の復旧には時間がかかる見込みで、依頼は長期にわたる。職員は「鉱山が止まれば、固い鉱石を使う防具は手に入りにくくなる」と話す。	confirmed	draft	Jev10/08 J1 ja0.84 en0.86 OK / J3 OK	Guild posts a rescue quest for the {region} mine; armor made from hard ore will get scarce.
EV_MINE_COLLAPSE.*.result	EV_MINE_COLLAPSE	*	result	normal		{region}近くの鉱山、採掘を再開	落盤事故で止まっていた{region}近くの鉱山が、採掘を再開した。各地の工房にも原料が戻りはじめる。	坑道の補強に思いのほか時間がかかったという。工房の親方衆は「ようやく炉に火を入れられる」と胸をなで下ろしている。		draft	旧R005を移行	The {region} mine has reopened; ore flows back to workshops.
EV_MINE_COLLAPSE.*.correction	EV_MINE_COLLAPSE	*	correction	normal		お詫びと訂正　{region}近くの鉱山について	先に報じた{region}近くの鉱山の落盤は、古い廃坑での崩れを取り違えたものでした。	採掘中の坑道に被害はなく、鉱石の産出は続いています。お詫びして訂正します。		draft		Correction: the collapse was in an abandoned shaft; mining continues.
EV_HOLY_RITE_DELAY.craft.report	EV_HOLY_RITE_DELAY	craft	report	normal		大聖堂の聖別、延期に	大聖堂で行われる武具の聖別の儀が、司祭の不在により延期されたことが確認された。	光の加護を宿す鎧や兜は、この儀を経なければ仕上がらない。工房では仕上げ待ちの品が棚に並んだままだという。	confirmed	draft	Jev10/08 J1 ja0.91 en0.91 OK / J3 OK	The cathedral's blessing rite is postponed; armor and helmets of holy light cannot be finished without it.
EV_HOLY_RITE_DELAY.commerce.report	EV_HOLY_RITE_DELAY	commerce	report	normal		聖別の延期、加護の防具の出荷止まる	大聖堂の聖別の儀が延期され、加護を宿す防具の出荷が止まっているとみられる。	仲買人は「聖なる光の守りは、代わりがきかない」と話す。闇の魔物に備える冒険者が多い時期だけに、問い合わせが続いているという。	presumed	draft	Jev10/08 J1 ja0.91 en0.87 OK / J3 NG→guild	Shipments of blessed armor reportedly stopped with the rite delayed; holy-light protection has no substitute.
EV_HOLY_RITE_DELAY.tabloid.report	EV_HOLY_RITE_DELAY	tabloid	report	normal		司祭さま、どこへ消えた！？	大聖堂の司祭が急にいなくなって、お清めの儀が止まっているという話だ。	おかげで光の加護つきの鎧が仕上がらず、工房の親方が頭を抱えているとか。司祭は温泉にいる、という噂もある。	anonymous	draft	Jev10/08 J1 ja0.88 en0.88 OK / J3 OK	Rumor: the cathedral priest vanished, halting the rite; light-blessed armor cannot be finished.
EV_HOLY_RITE_DELAY.*.result	EV_HOLY_RITE_DELAY	*	result	normal		大聖堂の聖別、再開	延期されていた大聖堂の聖別の儀が、ようやく行われた。	仕上げ待ちだった光の加護の防具も、順次工房から送り出されている。		draft		The blessing rite resumed; light-blessed armor ships again.
EV_HOLY_RITE_DELAY.*.correction	EV_HOLY_RITE_DELAY	*	correction	normal		お詫びと訂正　大聖堂の聖別について	先に報じた聖別の儀の延期は、事実ではありませんでした。	大聖堂に確かめたところ、儀は予定どおり行われていました。お詫びして訂正します。		draft		Correction: the blessing rite was held on schedule.
EV_TIMBER_GLUT.craft.report	EV_TIMBER_GLUT	craft	report	normal		しなやかな良材、大量に出回る	{region}近くの森で大がかりな伐採が行われ、しなやかな良材が市場に多く出回ったことが確認された。	弓や長柄に向く材で、風をはらむ軽い得物を手早く数そろえられるという。親方は「これだけ材があれば、どの工房も同じ品を打つ」と話す。	confirmed	draft	Jev10/08 J1 ja0.93 en0.48 NG(対象なしに寄る) / J3 OK	Big logging in {region} floods the market with supple timber for bows and long shafts.
EV_TIMBER_GLUT.commerce.report	EV_TIMBER_GLUT	commerce	report	normal		材木の値崩れ、軽い得物に波及か	{region}産の材木が大量に入荷し、値が崩れているとみられる。	弓や槍の柄に使われる材で、仲買人の間では「同じ類の得物が市中にあふれる」との見方が強い。	presumed	draft	Jev10/08 J1 ja0.32 en0.21 NG(属性まで絞れない/対象なしに寄る) / J3 OK	Timber from {region} reportedly crashes in price; brokers expect bows and spears to flood the market.
EV_TIMBER_GLUT.*.result	EV_TIMBER_GLUT	*	result	normal		{region}近くの伐採、ひと区切り	{region}近くの森で続いていた大がかりな伐採が終わった。	市場に出回った材は、おおむね使い切られたという。		draft		Logging in {region} has ended; the timber has been used up.
EV_TIMBER_GLUT.*.correction	EV_TIMBER_GLUT	*	correction	normal		お詫びと訂正　{region}産の材木について	先に報じた{region}産の良材の大量入荷は、事実ではありませんでした。	材木商に確かめたところ、入荷は例年どおりとのことです。お詫びして訂正します。		draft		Correction: timber arrivals from {region} were normal.
EV_SPRING_DRY.craft.report	EV_SPRING_DRY	craft	report	normal		霊泉が涸れる	{region}近くの霊泉が涸れたことが、職人組合の調べで確認された。	この泉の水は、刃に水の流れを宿す鍛えに欠かせない。泉が戻るまで、水の力をこめた得物は打てないと親方衆は話す。	confirmed	draft	Jev10/08 J1 ja0.96 en0.92 OK / J3 OK	The sacred spring in {region} dried up; smiths cannot forge blades carrying flowing water.
EV_SPRING_DRY.commerce.report	EV_SPRING_DRY	commerce	report	normal		霊泉の枯渇、水の得物の仕入れ細る	{region}近くの霊泉が涸れ、水の力を宿す得物の入荷が細るとみられる。	火の魔物に挑む冒険者には欠かせない品で、仲買人は在庫の確保に動いている。	presumed	draft	Jev10/08 J1 ja0.96 en0.95 OK / J3 OK	Water-imbued weapons will reportedly be scarce after the {region} spring dried; essential against fire monsters.
EV_SPRING_DRY.tabloid.report	EV_SPRING_DRY	tabloid	report	normal		泉が干上がった、呪いか！？	{region}近くの霊泉が一晩で干上がったという話だ。	水の精が怒ったとか、誰かが栓を抜いたとか、言いたい放題。鍛冶屋は「水の刃が打てなくなる」と嘆いているそうだ。	anonymous	draft	Jev10/08 J1 ja0.79 en0.65 OK / J3 OK	Rumor: the {region} spring dried overnight; smiths lament they cannot make water blades.
EV_SPRING_DRY.*.result	EV_SPRING_DRY	*	result	normal		{region}近くの霊泉、水が戻る	涸れていた{region}近くの霊泉に、再び水が湧きはじめた。	親方衆は「これでまた刃に流れを宿せる」と胸をなで下ろしている。		draft		The {region} spring flows again; smiths can forge water blades.
EV_SPRING_DRY.*.correction	EV_SPRING_DRY	*	correction	normal		お詫びと訂正　{region}近くの霊泉について	先に報じた{region}近くの霊泉の枯渇は、水路の詰まりを見誤ったものでした。	詰まりはすでに取り除かれ、泉は変わらず湧いています。お詫びして訂正します。		draft		Correction: the {region} spring was only a clogged channel.
EV_FORGE_GLUT.craft.report	EV_FORGE_GLUT	craft	report	normal		火の精の大炉、火入れ	{region}に火の精を宿す大炉が新たに築かれ、火入れが行われたことが確認された。	炎の力をまとわせる仕上げが一度に多く行えるようになり、炎を宿す帯や兜がまとまって出回る見込みだという。	confirmed	draft	Jev10/08 J1 ja0.78 en0.76 OK / J3 OK	A new fire-spirit furnace in {region} lets workshops finish flame-imbued belts and helmets in bulk.
EV_FORGE_GLUT.commerce.report	EV_FORGE_GLUT	commerce	report	normal		炎の防具、出回り増える見通し	{region}の新しい大炉の稼働で、炎を宿す防具の出荷がまとまって増えるとみられる。	仲買人は「同じ品が一度に出れば、値は保てまい」と話す。	presumed	draft	Jev10/08 J1 ja0.76 en0.94 OK / J3 OK	The {region} furnace will reportedly ship flame-imbued armor in bulk; brokers doubt prices will hold.
EV_FORGE_GLUT.*.result	EV_FORGE_GLUT	*	result	normal		{region}の大炉、落ち着いた稼働に	新たに火入れされた{region}の大炉が、落ち着いた稼働に移った。	一時にまとまって出回った炎の防具も、おおむね行き渡ったという。		draft		The {region} furnace settled into normal output; flame armor has spread.
EV_FORGE_GLUT.*.correction	EV_FORGE_GLUT	*	correction	normal		お詫びと訂正　{region}の大炉について	先に報じた{region}の大炉の火入れは、まだ先の予定であることが分かりました。	炉は築いている途中で、稼働の時期は決まっていません。お詫びして訂正します。		draft		Correction: the {region} furnace is still under construction.
EV_PILGRIM.tabloid.report	EV_PILGRIM	tabloid	report	normal		聖歌隊の巡礼、まもなく街へ	白衣の聖歌隊が巡礼の途上で当地を通るらしい。沿道には早くも人が集まりはじめている。	見物に出る者は身なりを整えるものだ、という声が方々で聞かれる。聖歌隊を光の加護をまとった装いで迎えるのが習わしだとか。	anonymous	draft	Jev10/08 J1 ja0.67 en0.91 OK / J3 OK	A pilgrim choir is coming; custom is to greet it wearing garb with the blessing of light.
EV_PILGRIM.commerce.report	EV_PILGRIM	commerce	report	normal		聖歌隊の巡礼、沿道の商いに期待	聖歌隊の巡礼が当地を通るとみられ、沿道の店が支度を始めている。	商会筋によれば、巡礼を迎える者は聖なる光にちなむ装いで沿道に立つのが古くからの習わし。身にまとう品の仕入れを急ぐ店もあるという。	presumed	draft	Jev10/08 J1 ja0.75 en0.85 OK / J3 OK	The pilgrim choir reportedly passes through; tradition says greet it in holy-light garb, shops stock wearables.
EV_PILGRIM.craft.report	EV_PILGRIM	craft	report	normal		巡礼を前に、加護の装いの手直し相次ぐ	聖歌隊の巡礼を前に、光の加護を宿す鎧や兜の手直しが工房に持ち込まれていることが確認された。	親方は「巡礼の年は決まってこうだ。普段は棚に眠っている聖なる装いが、急に引っぱり出される」と話す。	confirmed	draft	Jev10/08 J1 ja0.95 en0.68 OK / J3 OK	Before the pilgrimage, light-blessed armor and helmets come in for repair.
EV_PILGRIM.*.result	EV_PILGRIM	*	result	normal		聖歌隊、街を後に	当地を通った聖歌隊の巡礼が、次の街へ向けて出立した。	沿道は光の装いをまとった人々でにぎわい、聖歌隊も深く礼をして去ったという。		draft		The choir left town; the roadside was full of people in light garb.
EV_PILGRIM.*.correction	EV_PILGRIM	*	correction	normal		お詫びと訂正　聖歌隊の巡礼について	先に報じた聖歌隊の当地への巡礼は、別の街の話であったと分かりました。	巡礼の道筋に当地は含まれていませんでした。お詫びして訂正します。		draft		Correction: the pilgrimage route does not pass through this town.
EV_WIND_FESTIVAL.tabloid.report	EV_WIND_FESTIVAL	tabloid	report	normal		風の精霊祭、今年は前倒しか	毎年秋に開かれる風の精霊祭が、今年はひと月早まるらしいとの話が広まっている。	祭りの世話役に近い筋から聞いたという者が多いが、世話役本人に確かめた者はいない。祭りでは風をはらむ軽やかな装いで踊るのが習わしで、早くも支度の品を探す客が出ているという。	anonymous	draft	Jev10/08 J1 ja0.16 en0.31 NG(対象なしに寄る) / J3 OK	Rumor: the wind spirit festival, danced in light wind-filled garb, moves up a month; nobody asked the organizers.
EV_WIND_FESTIVAL.tabloid.report.loud	EV_WIND_FESTIVAL	tabloid	report	loud		精霊祭、もうすぐ開幕！？	風の精霊祭がもうすぐ始まる、それも例年の倍の規模だという話だ。	誰が言い出したのかは分からないが、風をまとう装いを買い急ぐ者まで出ているとか。	anonymous	draft	Jev10/08 J1 ja0.91 en0.96 OK / J3 OK	Loud rumor: the wind festival starts soon at double scale; people rush to buy wind garb.
EV_WIND_FESTIVAL.commerce.report	EV_WIND_FESTIVAL	commerce	report	normal		精霊祭の日取り、前倒しの観測	風の精霊祭の日取りが早まるとの観測が、商会の間で出ているとみられる。	祭りでは風の加護を受けた軽やかな鎧や兜で練り歩くのが習わし。前倒しとなれば支度の品の手当てが間に合わない、と気をもむ店もある。	presumed	draft	Jev10/08 J1 ja0.98 en0.74 OK / J3 OK	Merchants speculate the wind festival moves up; people parade in light wind-blessed armor and helmets.
EV_WIND_FESTIVAL.*.result	EV_WIND_FESTIVAL	*	result	normal		風の精霊祭、にぎわいのうちに閉幕	風の精霊祭が開かれ、にぎわいのうちに幕を閉じた。	練り歩く人々は風をはらむ装いで通りを埋め、大いに盛り上がったという。		draft		The wind festival closed; streets were full of wind garb.
EV_WIND_FESTIVAL.*.correction	EV_WIND_FESTIVAL	*	correction	normal		お詫びと訂正　精霊祭の日取りについて	先に前倒しと報じた風の精霊祭は、例年どおりの日取りで開かれます。	世話役に確かめたところ、日取りを変える話は出ていないとのことでした。誤った話を載せたことをお詫びします。		draft	旧C011を移行	Correction: the wind spirit festival keeps its usual date.
EV_GRAVEYARD.tabloid.report	EV_GRAVEYARD	tabloid	report	normal		墓地でまた人影を見たという話	郊外の古い墓地で、夜更けに人影を見たという話がまた出ている。真偽のほどは定かでない。	見たという者は決まって「近づくと消えた」と言う。迷い出た死者なら、清めの光を宿した得物で斬り払うほかない、と寺院の者は話しているとか。	anonymous	draft	Jev10/08 J1 ja0.97 en1.00 OK / J3 OK	Rumor of night figures in the old graveyard; if the dead walk, only weapons of purifying light can cut them down.
EV_GRAVEYARD.tabloid.report.loud	EV_GRAVEYARD	tabloid	report	loud		墓地の亡者、列をなす！？	郊外の墓地で、亡者が列をなして歩いていたという話が広まっている。	数は日ごとに増えて語られ、今では墓地じゅうが起き上がったとまで言われる。光の刃を手に夜回りを買って出る若者もいるそうだ。	anonymous	draft	Jev10/08 J1 ja0.97 en0.95 OK / J3 OK	Loud rumor: a procession of the dead in the graveyard; young men volunteer for patrols with light blades.
EV_GRAVEYARD.guild.report	EV_GRAVEYARD	guild	report	normal		郊外の墓地、夜回りを強化	郊外の古い墓地で不審な人影が見られたとして、ギルドが夜回りを強化したことが分かった。	死者が迷い出たのであれば闇を払う光の得物が要るとして、夜回りの者にはその備えが勧められている。正体はまだ分かっていない。	presumed	draft	Jev10/08 J1 ja0.99 en1.00 OK / J3 OK	Guild steps up patrols after figures in the graveyard; patrollers advised to carry darkness-dispelling light weapons.
EV_GRAVEYARD.*.result	EV_GRAVEYARD	*	result	normal		郊外の墓地、静けさ戻る	人影の騒ぎが続いていた郊外の墓地に、静けさが戻った。	夜回りの者は「光の刃で斬り払うと、影は霧のように消えた」と話す。		draft		The graveyard is quiet again; light blades made the shadows vanish.
EV_GRAVEYARD.*.correction	EV_GRAVEYARD	*	correction	normal		お詫びと訂正　墓地の人影について	先に取り上げた郊外の墓地の人影は、夜回りの灯りを見誤ったものと分かりました。	見回りの役人が確かめたところ、墓地に異状は見られませんでした。読者の皆様にご迷惑をおかけしたことをお詫びします。		draft	旧C007を移行	Correction: the graveyard figures were night-watch lanterns.
EV_DARK_FASHION.tabloid.report	EV_DARK_FASHION	tabloid	report	normal		黒衣の騎士、街の娘たちを虜に	吟遊詩人の新しい歌「黒衣の騎士」が大評判だという話だ。	歌の騎士をまねて、闇色の兜や鎧で街を歩く若者がいるとか。ちょっと怖いけど様になる、と評判らしい。	anonymous	draft	Jev10/08 J1 ja0.96 en0.93 OK / J3 OK	Rumor: a bard's song about a black-clad knight is a hit; youths copy him in dark helmets and armor.
EV_DARK_FASHION.commerce.report	EV_DARK_FASHION	commerce	report	normal		吟遊詩人の新作、装いの流行に	吟遊詩人の新作「黒衣の騎士」の評判を受け、闇色の装いが若い客に好まれているとみられる。	商会筋は「歌が流行れば、歌の騎士の身なりが流行る」と話す。	presumed	draft	Jev10/08 J1 ja0.97 en0.92 OK / J3 OK	The bard's new song reportedly makes dark-colored outfits popular among young customers.
EV_DARK_FASHION.craft.report	EV_DARK_FASHION	craft	report	normal		闇色の仕上げ、注文相次ぐ	吟遊詩人の歌の流行を受け、防具を闇色に仕上げる注文が工房に寄せられていることが確認された。	親方は「黒く沈んだ艶を出すには手間がかかる」とこぼしつつも、炉の前を離れられないという。	confirmed	draft	Jev10/08 J1 ja0.93 en0.96 OK / J3 OK	Confirmed: workshops get orders to finish armor in dark colors after the bard's song.
EV_DARK_FASHION.*.result	EV_DARK_FASHION	*	result	normal		黒衣の騎士の歌、ひと段落	街を沸かせた吟遊詩人の歌「黒衣の騎士」の評判が落ち着いてきた。	闇色の装いは、すっかり街の景色になじんだという。		draft		The black knight song craze has settled; dark outfits are now common.
EV_DARK_FASHION.*.correction	EV_DARK_FASHION	*	correction	normal		お詫びと訂正　黒衣の騎士の歌について	先に報じた吟遊詩人の新作の大評判は、大げさに伝えたものでした。	歌は一部の酒場で歌われているだけとのことです。お詫びして訂正します。		draft		Correction: the song is only sung in a few taverns.
EV_FIRE_DANCE.tabloid.report	EV_FIRE_DANCE	tabloid	report	normal		炎の舞踏団がやってくる！	炎の舞踏団が、近く街で興行を打つという話だ。	客も炎をかたどった帯やたすきを身に着けて踊るのが決まりだとか。今から支度をする者もいるそうだ。	anonymous	draft	Jev10/08 J1 ja0.09 en0.09 NG(対象なしに寄る) / J3 OK	Rumor: a flame dance troupe is coming; spectators dance wearing flame-shaped belts and sashes.
EV_FIRE_DANCE.commerce.report	EV_FIRE_DANCE	commerce	report	normal		炎の舞踏団の興行、身支度の品に目	炎の舞踏団の興行が決まったとみられ、見物客の身支度の品に関心が集まっている。	興行では客も炎を宿す装いで踊りの輪に加わるのが習わし。商会筋は「祭りの日は財布の口がゆるむ」と話す。	presumed	draft	Jev10/08 J1 ja0.62 en0.74 OK / J3 OK	The flame troupe's show is reportedly set; guests join wearing flame-imbued garb.
EV_FIRE_DANCE.*.result	EV_FIRE_DANCE	*	result	normal		炎の舞踏団、喝采のうちに千秋楽	街で興行を打っていた炎の舞踏団が、千秋楽を迎えた。	踊りの輪は炎の装いの客で埋まり、夜遅くまで続いたという。		draft		The flame troupe closed its run; the dance ring was full of guests in flame garb.
EV_FIRE_DANCE.*.correction	EV_FIRE_DANCE	*	correction	normal		お詫びと訂正　炎の舞踏団の興行について	先に報じた炎の舞踏団の興行は、取りやめになっていたことが分かりました。	舞踏団は別の街を回るとのことです。お詫びして訂正します。		draft		Correction: the flame troupe's show was cancelled.
EV_ARMOR_TAX.royal.report	EV_ARMOR_TAX	royal	report	normal		王都議会、防具への課税を可決	王都議会は、防具の取引に新たな税を課す法案を可決した。来月より段階的に施行される。	王立広報局によれば、税の収入は街道の整備に充てられる。各商会には、帳簿の整備と期日までの届け出を求める。	confirmed	draft	Jev10/08 J1 ja0.96 en0.92 OK / J3 OK	The royal council passed a new tax on armor trading, phased in from next month.
EV_ARMOR_TAX.commerce.report	EV_ARMOR_TAX	commerce	report	normal		防具に新税、商会は仕入れ見直し	防具の取引に新たな税が課されることになり、商会が仕入れの見直しを迫られているとみられる。	買い控えの動きが出るのではないかと懸念する声もある。ある番頭は「鎧や兜の棚は、しばらく寂しくなる」と話す。	presumed	draft	Jev10/08 J1 ja1.00 en0.81 OK / J3 OK	A new armor tax reportedly forces merchants to rethink purchasing; buyers may hold back.
EV_ARMOR_TAX.guild.report	EV_ARMOR_TAX	guild	report	normal		防具の新税、冒険者に戸惑い	防具に新たな税が課されることが決まり、冒険者の間に戸惑いが広がっていることが分かった。	ギルドの職員は「守りの品の買い替えは、税が落ち着くまで見送る者が出そうだ」と話す。	confirmed	draft	Jev10/08 J1 ja0.99 en0.98 OK / J3 OK	The armor tax confuses adventurers; some will postpone replacing protective gear.
EV_ARMOR_TAX.tabloid.report	EV_ARMOR_TAX	tabloid	report	normal		鎧に税金、ふところ直撃！	お上が鎧や兜に税をかけるという話だ。	「身を守るのにまで金を取るのか」と酒場は大荒れ。買うなら今のうち、いやもう遅い、と意見は割れているそうだ。	anonymous	draft	Jev10/08 J1 ja0.99 en0.70 OK / J3 OK	Rumor: armor and helmets will be taxed; taverns are furious.
EV_ARMOR_TAX.*.result	EV_ARMOR_TAX	*	result	normal		防具の新税、施行から一段落	防具に課された新税の施行が一段落した。	商会は新しい帳簿の付け方にも慣れ、取引も落ち着きを取り戻しつつある。		draft		The armor tax rollout has settled; trade is calming down.
EV_ARMOR_TAX.*.correction	EV_ARMOR_TAX	*	correction	normal		お詫びと訂正　防具への課税について	先に報じた防具への課税は、議会で否決されていたことが分かりました。	法案は審議の途中で取り下げられています。お詫びして訂正します。		draft		Correction: the armor tax bill was rejected.
EV_HUNT_BOUNTY.royal.report	EV_HUNT_BOUNTY	royal	report	normal		討伐奨励金の新設を布告	王立広報局は、魔物の討伐に加わる者へ奨励金を支給する制度の新設を布告した。	同局によれば、奨励金は討伐の実績に応じて支払われる。王国は、得物を手に討伐へ加わる者が増えることを期待している。	confirmed	draft	Jev10/08 J1 ja0.98 en0.98 OK / J3 OK	The crown creates a bounty paid per monster hunted, hoping more people take up arms.
EV_HUNT_BOUNTY.commerce.report	EV_HUNT_BOUNTY	commerce	report	normal		討伐奨励金、攻めの道具に追い風	王国が討伐奨励金を新設し、討伐に出る冒険者が増えるとみられる。	商会筋は「討伐に出る者がまず手にするのは刃だ」と話し、剣や槍の在庫を確かめる店も出ている。	presumed	draft	Jev10/08 J1 ja0.99 en0.90 OK / J3 OK	A new hunt bounty is expected to draw adventurers; the first thing they pick up is a blade.
EV_HUNT_BOUNTY.guild.report	EV_HUNT_BOUNTY	guild	report	normal		奨励金の受付始まる、討伐依頼に応募集まる	討伐奨励金の受付が始まり、ギルドの討伐依頼に応募が集まっていることが確認された。	新顔の冒険者も多く、職員は「まずは得物をそろえてから来るように」と呼びかけている。	confirmed	draft	Jev10/08 J1 ja0.97 en0.99 OK / J3 OK	Bounty registration opened; many newcomers apply and the guild tells them to get weapons first.
EV_HUNT_BOUNTY.*.result	EV_HUNT_BOUNTY	*	result	normal		討伐奨励金、初回の支給終わる	新設された討伐奨励金の、初回の支給が終わった。	討伐に加わった者の多くは、得物を新調して臨んだという。		draft		The first bounty payments are done; most hunters bought new weapons.
EV_HUNT_BOUNTY.*.correction	EV_HUNT_BOUNTY	*	correction	normal		お詫びと訂正　討伐奨励金について	先に報じた討伐奨励金の新設は、検討の段階の話でした。	制度はまだ決まっていません。お詫びして訂正します。		draft		Correction: the hunt bounty is only under consideration.
EV_GOLD_RUSH.commerce.report	EV_GOLD_RUSH	commerce	report	normal		金鉱の発見で街に金貨あふれる	{region}近くで新たな金鉱が見つかり、街に出回る金貨が増えているとみられる。	懐の温かくなった冒険者は、これまで手の届かなかった上の格の品をのぞきはじめているという。	presumed	draft	Jev10/08 J1 ja0.99 en0.98 OK / J3 NG→tabloid	A gold strike in {region} reportedly fills the town with coin; adventurers eye higher-class goods.
EV_GOLD_RUSH.royal.report	EV_GOLD_RUSH	royal	report	normal		{region}近くの金鉱につき採掘を許可	王立広報局は、{region}近くで金鉱が見つかったことを確認し、採掘の許可を出した。	同局によれば、採掘で得た金の一部は討伐の報酬に充てられる。冒険者への支払いは手厚くなる見込みである。	confirmed	draft	Jev10/08 J1 ja0.19 en0.13 NG(対象なしに寄る) / J3 NG→guild	Royal office confirms a gold mine in {region}; part of the gold will fund hunt rewards.
EV_GOLD_RUSH.tabloid.report	EV_GOLD_RUSH	tabloid	report	normal		金がざくざく、みんな成金！？	{region}近くで金鉱が見つかって、みんな懐が温かいという話だ。	「どうせなら一番いい品を」と、高い棚から買っていく冒険者が多いとか。	anonymous	draft	Jev10/08 J1 ja0.99 en0.99 OK / J3 OK	Rumor: gold found in {region}; everyone is flush and buys from the top shelf.
EV_GOLD_RUSH.tabloid.report.loud	EV_GOLD_RUSH	tabloid	report	loud		川底まで金色、街じゅう大金持ち！？	{region}近くの川底が金でぎらぎら光っている、という話まで出ている。	さすがに話が大きすぎるが、高い品を買いあさる成金が出ているのは確かだとか。	anonymous	draft	Jev10/08 J1 ja0.96 en0.92 OK / J3 OK	Loud rumor: the riverbed in {region} glitters with gold; nouveau riche buy expensive goods.
EV_GOLD_RUSH.*.result	EV_GOLD_RUSH	*	result	normal		{region}近くの金鉱、熱狂ひと段落	{region}近くの金鉱をめぐる騒ぎが落ち着いてきた。	懐の温かい間に上等な品へ買い替えた冒険者が多かったという。		draft		The {region} gold fever has cooled; many upgraded to fine goods meanwhile.
EV_GOLD_RUSH.*.correction	EV_GOLD_RUSH	*	correction	normal		お詫びと訂正　{region}近くの金鉱について	先に報じた{region}近くの金鉱の発見は、黄鉄鉱を見誤ったものでした。	金は採れていないとのことです。お詫びして訂正します。		draft		Correction: the {region} gold was pyrite.
EV_MONEY_TIGHT.commerce.report	EV_MONEY_TIGHT	commerce	report	normal		大両替商が店じまい、金回り細る	王都の大両替商が店を閉じ、街の金回りが細るとみられる。	預けた金が戻らない者も出ており、冒険者の間では値の張る品の買い物を控える動きがあるという。	presumed	draft	Jev10/08 J1 ja0.98 en0.90 OK / J3 OK	A major money changer closed; adventurers reportedly hold back on pricey purchases.
EV_MONEY_TIGHT.tabloid.report	EV_MONEY_TIGHT	tabloid	report	normal		両替屋が夜逃げ！？	王都の両替屋が夜のうちに姿を消した、という話だ。	金を預けていた冒険者は青い顔。「高い品なんて当分無理だ」と嘆いているそうだ。	anonymous	draft	Jev10/08 J1 ja0.72 en0.93 OK / J3 OK	Rumor: the money changer fled overnight; depositors say expensive gear is out of reach.
EV_MONEY_TIGHT.guild.report	EV_MONEY_TIGHT	guild	report	normal		両替商の閉店、報酬の支払いに遅れ	両替商の閉店で、ギルドの報酬の支払いに遅れが出ていることが確認された。	職員は「手元の金が乏しい間は、高い装備に手を出さないほうがいい」と冒険者に話している。	confirmed	draft	Jev10/08 J1 ja0.94 en0.94 OK / J3 OK	The changer's closure delays guild payouts; staff advise against expensive gear for now.
EV_MONEY_TIGHT.*.result	EV_MONEY_TIGHT	*	result	normal		両替商の騒ぎ、収まる	両替商の店じまいに端を発した騒ぎが収まった。	金回りも少しずつ戻り、冒険者の財布にも余裕が出てきたという。		draft		The money changer affair is over; cash is flowing again.
EV_MONEY_TIGHT.*.correction	EV_MONEY_TIGHT	*	correction	normal		お詫びと訂正　両替商について	先に報じた大両替商の店じまいは、事実ではありませんでした。	店は改装のため数日休んでいただけとのことです。お詫びして訂正します。		draft		Correction: the changer only closed for renovation.
EV_VILLAGE_WATCH.tabloid.report	EV_VILLAGE_WATCH	tabloid	report	normal		村の自警団、身なりを一新？	近くの村の自警団が、そろいの守りの装備を新調するという話だ。	夜の見回りで怪我人が出たのがきっかけだとか。村の寄り合いで、まず身を守るものを、と決まったらしい。	anonymous	draft	Jev10/08 J1 ja0.96 en0.80 OK / J3 OK	Rumor: a nearby village watch will buy matching protective gear after night injuries.
EV_VILLAGE_WATCH.guild.report	EV_VILLAGE_WATCH	guild	report	normal		村の自警団、ギルドに指南を依頼	近くの村の自警団が、見回りの指南をギルドに依頼したことが分かった。	職員は「まず守りを固めること」を助言したという。自警団は鎧や兜をそろえる段取りに入っている。	confirmed	draft	Jev10/08 J1 ja0.95 en0.98 OK / J3 OK	A village watch asked the guild for training; advised to protect themselves first, they plan to buy armor and helmets.
EV_VILLAGE_WATCH.commerce.report	EV_VILLAGE_WATCH	commerce	report	normal		村の寄り合い、自警団の装備に予算	近くの村の寄り合いが、自警団の装備に予算を付けたとみられる。	使い道は見回りの者の身を守る品が中心とされる。まとまった買い付けになるとの見方がある。	presumed	draft	Jev10/08 J1 ja0.99 en0.90 OK / J3 NG→tabloid	A village council reportedly funded watch equipment, mainly protective items.
EV_VILLAGE_WATCH.*.result	EV_VILLAGE_WATCH	*	result	normal		村の自警団、新しい装いで見回り	装備を新調した村の自警団が、見回りを再開した。	守りを固めてからは怪我人も出ていないという。		draft		The village watch patrols in new gear; no injuries since.
EV_VILLAGE_WATCH.*.correction	EV_VILLAGE_WATCH	*	correction	normal		お詫びと訂正　村の自警団について	先に報じた村の自警団の装備の新調は、来年の話であったと分かりました。	寄り合いではまだ何も決まっていません。お詫びして訂正します。		draft		Correction: the village watch purchase is next year's plan.
EV_VILLAGE_FLOOD.tabloid.report	EV_VILLAGE_FLOOD	tabloid	report	normal		川があふれて水の魔物が！	近くの村で川があふれ、水の中から魔物が這い上がってきたという話だ。	ぬるぬるして刃がすべるので、重いもので叩きつぶすしかないと村の衆は言っているとか。	anonymous	draft	Jev10/08 J1 ja0.98 en0.98 OK / J3 OK	Rumor: flood brought water monsters into a village; blades slip, villagers say crush them with heavy weapons.
EV_VILLAGE_FLOOD.guild.report	EV_VILLAGE_FLOOD	guild	report	normal		村の田畑に水棲の魔物、討伐依頼出る	川の氾濫に乗じて水棲の魔物が田畑に入り込み、近くの村から討伐の依頼が出されたことが確認された。	魔物は水をまとっており、職員は「水の魔物には、大地の重みで叩く得物が通る」と助言している。	confirmed	draft	Jev10/08 J1 ja0.99 en0.99 OK / J3 OK	Guild confirms a quest for water monsters in village fields; staff say earth-heavy smashing weapons work on them.
EV_VILLAGE_FLOOD.*.result	EV_VILLAGE_FLOOD	*	result	normal		村の水棲の魔物、討伐終わる	川の氾濫で田畑に入り込んでいた水棲の魔物が、討伐された。	討伐に加わった者は「重い一撃で叩き伏せた」と話す。村では田畑の手入れが始まっている。		draft		The water monsters in the village fields were defeated with heavy blows.
EV_VILLAGE_FLOOD.*.correction	EV_VILLAGE_FLOOD	*	correction	normal		お詫びと訂正　村の水棲の魔物について	先に報じた村の田畑の魔物は、川から迷い込んだ大きな蛙でした。	村に被害は出ていないとのことです。お詫びして訂正します。		draft		Correction: the village monster was a big frog.
