fillerId	topic	companies	page	headline	lead	body	cooldown	weight	status	reviewNote	summaryEn
FL_ROYAL_01	notice	royal		公会堂前広場の改修工事、完了	王都の公会堂前広場で行われていた石畳の敷き直し工事が、予定どおり完了した。	王立広報局によれば、広場は本日より通常どおり開放される。工事期間中ご不便をおかけした市民の協力に、役所は謝意を表している。	8	10	draft	Jev10/08 J1 ja0.99 en1.00 OK	Filler article with no effect on sales; unrelated to any item or dungeon.
FL_ROYAL_02	notice	royal		王立図書院、閲覧時間を延長	王立図書院は、{season}の間に限り、閲覧時間を夕刻まで延長すると発表した。	延長は学生および研究者の要望に応じたもので、受付は従来どおり正門で行う。蔵書の持ち出しは引き続き認められない。	8	10	draft	Jev10/08 J1 ja1.00 en1.00 OK	Filler article with no effect on sales; unrelated to any item or dungeon.
FL_ROYAL_03	notice	royal		街道の定期点検を実施	王都周辺の街道について、定期の路面点検が行われる旨が通達された。	点検は区間ごとに順次行われ、一部で片側通行となる場合がある。通行の際は係官の指示に従われたい。	8	10	draft	Jev10/08 J1 ja1.00 en1.00 OK	Filler article with no effect on sales; unrelated to any item or dungeon.
FL_ROYAL_04	people	royal		王立学院、新たな教授を迎える	王立学院は、地理学の新任教授が着任したことを公表した。	新任教授は地方の古い地図の研究で知られる。就任の辞では「地図は歩いた人の数だけ正確になる」と述べた。	8	10	draft	Jev10/08 J1 ja1.00 en1.00 OK	Filler article with no effect on sales; unrelated to any item or dungeon.
FL_ROYAL_05	weather	royal		本日の天候に関する告知	王立観測所は、本日の{village}周辺の天候について、穏やかな状態が続く見込みと発表した。	観測所は引き続き朝夕の観測を継続する。急な変化があった場合は、鐘楼の鐘により市民へ通知される。	8	10	draft	Jev10/08 J1 ja1.00 en1.00 OK	Filler article with no effect on sales; unrelated to any item or dungeon.
FL_ROYAL_06	festival	royal		収穫感謝の式典、日程が決定	例年行われる収穫感謝の式典の日程が決まった。式典は王宮前の広場で執り行われる。	当日は楽団による演奏が予定されている。参列を希望する者は、事前に区役所へ届け出ること。	8	10	draft	Jev10/08 J1 ja0.98 en1.00 OK	Filler article with no effect on sales; unrelated to any item or dungeon.
FL_ROYAL_07	notice	royal		井戸端の清掃日に関するお知らせ	各区の共同の井戸端について、住民参加の清掃日が設けられることとなった。	清掃は朝の鐘から始まり、道具は区役所が貸し出す。参加者には温かい茶が供される予定である。	8	10	draft	Jev10/08 J1 ja1.00 en1.00 OK	Filler article with no effect on sales; unrelated to any item or dungeon.
FL_ROYAL_08	village	royal		辺境の{village}、新しい橋が開通	{village}を流れる川に架かる新しい橋が完成し、開通式が行われた。	橋の完成により、対岸の畑への往来が容易になる。住民代表は「これで朝の遠回りがなくなる」と語った。	8	10	draft	Jev10/08 J1 ja0.99 en1.00 OK	Filler article with no effect on sales; unrelated to any item or dungeon.
FL_ROYAL_09	notice	royal		迷い猫の届け出、例年並み	役所は、迷い猫に関する届け出件数が例年並みであることを明らかにした。	担当官は「見つかった猫は、おおむね本人の意思で帰宅している」と述べ、飼い主に落ち着いて探すよう呼びかけた。	8	10	draft	Jev10/08 J1 ja1.00 en1.00 OK	Filler article with no effect on sales; unrelated to any item or dungeon.
FL_ROYAL_10	people	royal		百歳を迎えた老婦人に表彰状	王都在住の老婦人が百歳を迎え、役所より表彰状が贈られた。	老婦人は長寿の秘訣を問われ、「毎朝、同じ道を散歩すること」と答えた。表彰式では孫たちが歌を披露した。	8	10	draft	Jev10/08 J1 ja1.00 en1.00 OK	Filler article with no effect on sales; unrelated to any item or dungeon.
FL_GUILD_01	notice	guild	second	掲示板の整理に協力を	ギルドの依頼掲示板で、期限切れの貼り紙が目立っている。受付は整理への協力を呼びかけた。	受付係によれば、古い貼り紙が新しい依頼を隠してしまうことがあるという。自分の貼り紙は自分で剥がしてほしいとのこと。	8	10	draft	Jev10/08 J1 ja1.00 en1.00 OK	Filler article with no effect on sales; unrelated to any item or dungeon.
FL_GUILD_02	people	guild	second	受付嬢、勤続十年を迎える	ギルド受付の古参職員が、このたび勤続十年を迎えた。	職員は「冒険者の顔を覚えるのが仕事」と語る。同僚たちは、記念に焼き菓子を贈った。	8	10	draft	Jev10/08 J1 ja1.00 en1.00 OK	Filler article with no effect on sales; unrelated to any item or dungeon.
FL_GUILD_03	village	guild	market	ギルド食堂、新メニューの試作を開始	ギルド併設の食堂で、{season}向けの新メニューの試作が始まった。	料理長は「まずは職員に食べてもらう」と話す。味の評判が良ければ、来月から正式に供される。	8	10	draft	Jev10/08 J1 ja1.00 en1.00 OK	Filler article with no effect on sales; unrelated to any item or dungeon.
FL_GUILD_04	notice	guild	second	新人講習会、参加者を募集	ギルドは、登録したばかりの冒険者向けに、基本の心得を教える講習会を開く。	内容は荷造りの基本、野営地での過ごし方、地図の読み方など。参加費は無料で、受講後に簡単な修了証が渡される。	8	10	draft	Jev10/08 J1 ja0.99 en1.00 OK	Filler article with no effect on sales; unrelated to any item or dungeon.
FL_GUILD_05	weather	guild	market	週の後半は穏やかな空模様か	ギルドの気象係は、今週後半の街道沿いの空模様について、おおむね穏やかと見ている。	旅の予定がある者は、朝晩の冷え込みにだけ注意したい。係は「雲の流れは落ち着いている」と話した。	8	10	draft	Jev10/08 J1 ja0.89 en1.00 OK	Filler article with no effect on sales; unrelated to any item or dungeon.
FL_GUILD_06	people	guild	second	ギルド長の趣味は園芸と判明	いかめしい顔で知られるギルド長が、執務室の窓辺で小さな鉢植えを育てていることが分かった。	職員によると、毎朝の世話が日課だという。ギルド長は「仕事の合間の息抜きだ」と照れくさそうに語った。	8	10	draft	Jev10/08 J1 ja0.92 en1.00 OK	Filler article with no effect on sales; unrelated to any item or dungeon.
FL_GUILD_07	village	guild	market	宿場町の宿屋、改装を終え再開	街道沿いの宿場町にある老舗の宿屋が、改装を終えて営業を再開した。	寝台が新しくなり、食堂も広くなった。宿の主人は「旅人がゆっくり休める宿にしたい」と話している。	8	10	draft	Jev10/08 J1 ja0.96 en1.00 OK	Filler article with no effect on sales; unrelated to any item or dungeon.
FL_GUILD_08	notice	guild	second	落とし物の預かり所、棚が満杯に	ギルドの落とし物預かり所が、持ち主の現れない品でいっぱいになっている。	受付は、心当たりのある者に早めの確認を求めている。期限を過ぎた品は、孤児院などへ寄付される。	8	10	draft	Jev10/08 J1 ja1.00 en1.00 OK	Filler article with no effect on sales; unrelated to any item or dungeon.
FL_GUILD_09	festival	guild	market	街の音楽祭、飛び入り歓迎	今月末に開かれる街の音楽祭で、飛び入りの演奏者を募っている。	ギルドの冒険者有志も、笛や太鼓で参加する予定だ。主催者は「腕前は問わない、楽しんでくれれば十分」と呼びかけた。	8	10	draft	Jev10/08 J1 ja0.99 en1.00 OK	Filler article with no effect on sales; unrelated to any item or dungeon.
FL_GUILD_10	people	guild	second	老冒険者の昔話会、盛況	引退した冒険者を招いた昔話会が、ギルドの広間で開かれ、立ち見が出る盛況となった。	話題は旅先での失敗談が中心で、会場は終始笑いに包まれた。次回の開催も検討されている。	8	10	draft	Jev10/08 J1 ja1.00 en1.00 OK	Filler article with no effect on sales; unrelated to any item or dungeon.
FL_GUILD_11	notice	guild	market	街道の茶屋、営業時間を変更	街道沿いの茶屋が、{season}の間、閉店時刻を早めると知らせた。	店主は「日が短くなるので、片付けを明るいうちに済ませたい」と説明する。朝の開店時刻は変わらない。	8	10	draft	Jev10/08 J1 ja0.97 en1.00 OK	Filler article with no effect on sales; unrelated to any item or dungeon.
FL_COMM_01	notice	commerce	market	商人組合の親睦会、今年も開催	商人組合は、恒例の親睦会を今月下旬に開くと発表した。	会場は組合の大広間で、各地の商会の代表が顔をそろえる。商いの話は控え、料理と音楽を楽しむ会だという。	8	10	draft	Jev10/08 J1 ja0.98 en1.00 OK	Filler article with no effect on sales; unrelated to any item or dungeon.
FL_COMM_02	notice	commerce	market	市場の清掃日、朝の鐘で一斉に	中央市場で、出店者総出の清掃日が設けられた。	朝の鐘を合図に、通路や広場の掃除が一斉に始まる。終了後には、組合から軽食が振る舞われる予定。	8	10	draft	Jev10/08 J1 ja1.00 en1.00 OK	Filler article with no effect on sales; unrelated to any item or dungeon.
FL_COMM_03	people	commerce	market	帳簿づけ講座、初心者向けに開講	商業組合が、帳簿のつけ方を基礎から学べる講座を開く。	講師を務めるのは、四十年の経験を持つ老会計士。受講者には、手書きの練習帳が配られる。	8	10	draft	Jev10/08 J1 ja1.00 en1.00 OK	Filler article with no effect on sales; unrelated to any item or dungeon.
FL_COMM_04	weather	commerce	market	今週は荷馬車の往来しやすい天気	商業街道を担当する観測員は、今週の道の状態について、往来に支障のない見込みと伝えた。	路面は乾いており、荷馬車の足取りも軽いという。観測員は「週末に霧が出る日があるかもしれない」と付け加えた。	8	10	draft	Jev10/08 J1 ja0.93 en1.00 OK	Filler article with no effect on sales; unrelated to any item or dungeon.
FL_COMM_05	village	commerce	market	港町の灯台守、交代の日	港町の灯台で、長年務めた灯台守が引退し、新しい守り手に鍵が渡された。	引退する灯台守は「夜の海を見守るのは、案外性に合っていた」と振り返った。町では小さな送別の宴が開かれた。	8	10	draft	Jev10/08 J1 ja0.96 en1.00 OK	Filler article with no effect on sales; unrelated to any item or dungeon.
FL_COMM_06	notice	commerce	market	商会の看板新調、街角の景色が変わる	通りに面した老舗の商会が、掛けていた看板を新しく掛け替えた。	新しい看板は大きな木彫りで、地元の彫り師が三か月かけて仕上げたもの。通行人が足を止めて見上げている。	8	10	draft	Jev10/08 J1 ja0.99 en1.00 OK	Filler article with no effect on sales; unrelated to any item or dungeon.
FL_COMM_07	people	commerce	market	商会の見習い、初めての算盤大会で入賞	見習い商人たちが腕を競う計算大会が開かれ、十代の少年が三位に入った。	少年は「毎晩の練習が実った」と照れ笑い。師匠は「計算は速いが、まだ愛想が足りない」と評した。	8	10	draft	Jev10/08 J1 ja1.00 en1.00 OK	Filler article with no effect on sales; unrelated to any item or dungeon.
FL_COMM_08	festival	commerce	market	屋台通りの提灯飾り、準備進む	祭りを前に、屋台通りでは提灯の飾りつけが進んでいる。	飾りは組合員が手分けして吊るしている。夜になると通りが明るくなり、散歩に訪れる人も増えそうだ。	8	10	draft	Jev10/08 J1 ja0.96 en1.00 OK	Filler article with no effect on sales; unrelated to any item or dungeon.
FL_COMM_09	village	commerce	market	街の両替所に新しい椅子	街の両替所が待合の椅子を新調した。座り心地が良いと評判だ。	店主は「待たされる時間が長く感じないように」と話す。椅子には小さな刺繍の座布団も添えられている。	8	10	draft	Jev10/08 J1 ja1.00 en1.00 OK	Filler article with no effect on sales; unrelated to any item or dungeon.
FL_COMM_10	notice	commerce	market	朝市の開始時刻、鐘に合わせて統一	広場の朝市について、開始の時刻を朝の鐘に合わせて統一する決まりができた。	これまでは店ごとにまちまちで、早く来た客が戸惑うことがあった。組合は「分かりやすさを優先した」と説明している。	8	10	draft	Jev10/08 J1 ja0.99 en1.00 OK	Filler article with no effect on sales; unrelated to any item or dungeon.
FL_COMM_11	people	commerce	market	創業百年の老舗、記念の菓子を配る	創業百年を迎えた焼き菓子店が、通りの人々に記念の菓子を配った。	店の三代目は「祖父の代から続く味を、これからも変えずに守る」と語った。行列は広場の角まで続いた。	8	10	draft	Jev10/08 J1 ja1.00 en1.00 OK	Filler article with no effect on sales; unrelated to any item or dungeon.
FL_TAB_01	village	tabloid	rumor	広場の噴水、また猫に占拠される	広場の噴水の縁に、今朝も猫が十匹ほど並んで日向ぼっこをしていた。	通りがかりの住民によれば、猫たちは毎朝同じ席に座るという。「順番が決まっているらしい」との声もあり、真相は謎のままだ。	8	10	draft	Jev10/08 J1 ja0.99 en1.00 OK	Filler article with no effect on sales; unrelated to any item or dungeon.
FL_TAB_02	people	tabloid	rumor	パン屋の看板娘に、遠方から求婚の噂	通りのパン屋の看板娘に、遠方の青年が求婚に来たとの噂が流れている。	本人に尋ねると「パンを買いに来ただけ」とのこと。ただ、青年が三日続けて通っているのは事実のようだ。	8	10	draft	Jev10/08 J1 ja1.00 en1.00 OK	Filler article with no effect on sales; unrelated to any item or dungeon.
FL_TAB_03	village	tabloid	rumor	夜中の謎の歌声、犯人は酔っ払い	街の北側で夜な夜な聞こえていた謎の歌声の正体が分かった。	正体は近所の酒場帰りの老人。見つかった本人は「いい声だと言われたので、つい」と胸を張った。	8	10	draft	Jev10/08 J1 ja1.00 en1.00 OK	Filler article with no effect on sales; unrelated to any item or dungeon.
FL_TAB_04	weather	tabloid	rumor	今朝の霧、濃すぎて迷子が続出	今朝の街は、手を伸ばした先も見えないほどの霧に包まれた。	自分の家の前で迷った者もいたとか。霧は昼前には晴れ、街は何事もなかったかのように動き出した。	8	10	draft	Jev10/08 J1 ja0.95 en1.00 OK	Filler article with no effect on sales; unrelated to any item or dungeon.
FL_TAB_05	festival	tabloid	rumor	収穫祭の大食い競争、今年の本命は？	収穫祭の目玉、大食い競争の出場者が出そろい、街では優勝予想で盛り上がっている。	本命は昨年の覇者の肉屋の主人。対抗馬として、細身で知られる書記官の名が挙がり、賭けのかわりに焼き菓子が積まれている。	8	10	draft	Jev10/08 J1 ja1.00 en1.00 OK	Filler article with no effect on sales; unrelated to any item or dungeon.
FL_TAB_06	village	tabloid	rumor	時計塔の鐘、五分だけ早い問題	街の時計塔の鐘が、他の時計より五分ほど早いと住民の間で話題になっている。	塔の管理人は「五分早いほうが皆、余裕を持って動ける」と開き直った。直す予定はないという。	8	10	draft	Jev10/08 J1 ja1.00 en1.00 OK	Filler article with no effect on sales; unrelated to any item or dungeon.
FL_TAB_07	people	tabloid	rumor	ひげの長さ自慢大会、今年も開催	年に一度のひげ自慢の大会が開かれ、広場に立派なひげの男たちが集まった。	優勝者のひげは腰まで届く長さで、審査員は「手入れの時間を想像すると頭が下がる」と評した。	8	10	draft	Jev10/08 J1 ja1.00 en1.00 OK	Filler article with no effect on sales; unrelated to any item or dungeon.
FL_TAB_08	village	tabloid	rumor	市場のカラス、お気に入りの屋台を決める	中央市場に住みつくカラスが、特定の屋台の前に毎日座り込んでいる。	店主は「商売の邪魔はしないので、まあ客みたいなもの」と笑う。カラスは今日もおとなしく列を眺めていた。	8	10	draft	Jev10/08 J1 ja1.00 en1.00 OK	Filler article with no effect on sales; unrelated to any item or dungeon.
FL_TAB_09	people	tabloid	rumor	時計塔の鐘、半日遅れで鳴る	広場の時計塔の鐘が、昼を半日も過ぎてからようやく鳴り響いた。	鐘つき番が居眠りをしていたらしい。待ち合わせに遅れた者が続出し、広場の喫茶店は言い訳の言い合いでにぎわったとか。	8	10	draft	Jev(10/08) J1 不合格（小雨→Water_Armor 0.71 に寄る）→ 天気ネタをやめ、時計塔の話に差し替え。再検証: Jev10/08 J1 ja1.00 en1.00 OK	Filler article with no effect on sales; unrelated to any item or dungeon.
FL_TAB_10	people	tabloid	rumor	吟遊詩人の新曲、題名で町内が二分	旅の吟遊詩人が披露した新曲の題名が、町内で議論を呼んでいる。	題名は「眠れぬ羊の夜」。羊飼いたちは「うちの羊はよく眠る」と抗議したが、曲自体は評判がよい。	8	10	draft	Jev10/08 J1 ja1.00 en1.00 OK	Filler article with no effect on sales; unrelated to any item or dungeon.
FL_TAB_11	village	tabloid	rumor	路地裏の古本屋、店主が行方不明、実は昼寝	路地裏の古本屋が三日間閉まっていたため、店主の行方を案じる声が上がった。	しかし店主は店の奥で昼寝をしていただけだった。「看板を出し忘れた」とのことで、客から差し入れが届いた。	8	10	draft	Jev10/08 J1 ja0.99 en1.00 OK	Filler article with no effect on sales; unrelated to any item or dungeon.
FL_TAB_12	festival	tabloid	rumor	仮装行列の衣装、今年はかぼちゃが大人気	秋の仮装行列に向けて、衣装づくりに励む家が増えている。	特にかぼちゃを模した衣装が人気とのこと。仕立て屋の娘は「頭が入る大きさの実を探すのが一番大変」と話した。	8	10	draft	Jev10/08 J1 ja0.99 en1.00 OK	Filler article with no effect on sales; unrelated to any item or dungeon.
FL_CRAFT_01	people	craft		作業場の見習い、初めての独り立ち	作業場で三年修業した見習いが、このたび独立して自分の工房を構えた。	親方は「道具の手入れを欠かさなかった者が、長く続く」と話す。新しい工房の入口には、小さな手書きの看板が掲げられた。	8	10	draft	Jev10/08 J1 ja0.94 en1.00 OK	Filler article with no effect on sales; unrelated to any item or dungeon.
FL_CRAFT_02	notice	craft		道具の手入れ講習、職人会館で開催	職人会館では、日々の道具の手入れ方法を学ぶ講習会が開かれる。	講師は熟練の職人で、保管の仕方や、乾いた布での拭き方などを実演する。参加は職人であれば誰でも歓迎される。	8	10	draft	Jev10/08 J1 ja0.97 en1.00 OK	Filler article with no effect on sales; unrelated to any item or dungeon.
FL_CRAFT_03	village	craft		工房街の朝、鳥の声が目覚ましに	工房街では、朝一番に作業を始める職人たちが、鳥のさえずりを合図にしている。	ある職人は「鐘よりも鳥のほうが、気持ちよく起きられる」と語る。通りにはパンを焼く香りが漂っていた。	8	10	draft	Jev10/08 J1 ja1.00 en1.00 OK	Filler article with no effect on sales; unrelated to any item or dungeon.
FL_CRAFT_04	weather	craft		空気の乾いた日が続く	この数日、工房街では空気の乾いた日が続いている。	職人たちは、作業場の窓を開け放って仕事に励んでいる。親方衆は「湿気の多い日は気が滅入る」と口をそろえた。	8	10	draft	Jev10/08 J1 ja0.87 en1.00 OK	Filler article with no effect on sales; unrelated to any item or dungeon.
FL_CRAFT_05	people	craft		七十年使い続けた作業台、引退	工房で七十年使われてきた古い作業台が、引退することになった。	表面には、代々の職人の手の跡が刻まれている。工房では最後の作業のあと、台を磨いて感謝の小さな会を開いた。	8	10	draft	Jev10/08 J1 ja0.99 en1.00 OK	Filler article with no effect on sales; unrelated to any item or dungeon.
FL_CRAFT_06	notice	craft		職人会館の食堂、昼の献立が一新	職人会館の食堂で、昼の献立が見直された。	料理人は「働く人が午後も元気でいられるように」と、汁物を具だくさんにした。評判は上々で、おかわりの声が絶えない。	8	10	draft	Jev10/08 J1 ja1.00 en1.00 OK	Filler article with no effect on sales; unrelated to any item or dungeon.
FL_CRAFT_07	festival	craft		職人祭り、今年は工房の見学会も	毎年恒例の職人祭りで、今年は工房を一般に公開する見学会が加わる。	親方たちは「普段は見せない作業場を、一日だけ見てもらう」と意気込む。子どもたちには、端材での小さな工作体験が用意される。	8	10	draft	Jev10/08 J1 ja0.99 en1.00 OK	Filler article with no effect on sales; unrelated to any item or dungeon.
FL_CRAFT_08	village	craft		見習い寮の屋根、修繕完了	見習い職人たちが暮らす寮の屋根の修繕が終わった。	修繕は寮の住人自身が、先輩の指導のもとで行った。親方は「自分の寝床を直せる者は、仕事も丁寧だ」と評した。	8	10	draft	Jev10/08 J1 ja0.95 en1.00 OK	Filler article with no effect on sales; unrelated to any item or dungeon.
FL_CRAFT_09	people	craft		女性職人の集い、初の開催	職人の女性たちによる集いが、初めて開かれた。	参加者は、日頃の工夫や悩みを語り合った。主催者は「同じ仕事の仲間と話せるだけで心強い」と感想を述べた。	8	10	draft	Jev10/08 J1 ja1.00 en1.00 OK	Filler article with no effect on sales; unrelated to any item or dungeon.
FL_CRAFT_10	notice	craft		工房街の小川沿いに、新しい腰掛け	工房街を流れる小さな小川の脇に、休憩用の腰掛けが置かれた。	職人たちは昼休みに腰掛けで弁当を広げている。腰掛けは、組合の若手が余り木材で作ったものだ。	8	10	draft	Jev10/08 J1 ja1.00 en1.00 OK	Filler article with no effect on sales; unrelated to any item or dungeon.
FL_GEN_01	weather			今朝は{season}らしい空気	今朝の街は、{season}らしい空気に包まれた。	通りでは、上着を一枚はおる人が目立った。昼にかけては日が差し、過ごしやすくなる見込み。	8	10	draft	Jev10/08 J1 ja0.78 en1.00 OK	Filler article with no effect on sales; unrelated to any item or dungeon.
FL_GEN_02	village			{village}の朝市、今日も元気	{village}では、今朝も朝市が開かれ、住民たちの明るい声が響いた。	並ぶのは地元の野菜や焼きたてのパン。のんびりとした村の朝の風景が広がっている。	8	10	draft	Jev10/08 J1 ja1.00 en1.00 OK	Filler article with no effect on sales; unrelated to any item or dungeon.
FL_GEN_03	festival			収穫を祝う祭り、今年も近づく	街では、収穫を祝う祭りの準備が始まっている。	広場では櫓が組まれ、子どもたちが飾りの紙を切っている。当日は、各地から人が集まる見込み。	8	10	draft	Jev10/08 J1 ja0.94 en1.00 OK	Filler article with no effect on sales; unrelated to any item or dungeon.
FL_GEN_04	village			街のパン屋、早朝から行列	評判のパン屋の前には、今朝も開店前から人の列ができた。	焼きたてのパンの香りが通りに漂い、並ぶ人々の足取りも軽い。店主は「毎朝の恒例になった」と笑う。	8	10	draft	Jev10/08 J1 ja1.00 en1.00 OK	Filler article with no effect on sales; unrelated to any item or dungeon.
FL_GEN_05	people			旅の絵描き、広場で似顔絵を披露	旅の絵描きが広場に腰を下ろし、通行人の似顔絵を描いている。	子どもを描いてもらった母親は「実物より元気そう」と喜んだ。絵描きは数日、街に滞在する予定。	8	10	draft	Jev10/08 J1 ja1.00 en1.00 OK	Filler article with no effect on sales; unrelated to any item or dungeon.
FL_GEN_06	notice			夕方の鐘、今月から少しだけ早く	日が短くなってきたため、夕方の鐘が少し早く鳴らされるようになる。	鐘つき守は「日暮れに合わせるのが昔からの習わし」と話す。朝の鐘の時刻は変わらない。	8	10	draft	Jev10/08 J1 ja0.99 en1.00 OK	Filler article with no effect on sales; unrelated to any item or dungeon.
FL_GEN_07	village			川辺の洗濯日和、井戸端会議も盛ん	晴れ間の続くこの数日、川辺では洗濯物を干す光景が見られる。	洗濯の合間の世間話は尽きず、誰かの庭の花の話から、隣村の祭りの話まで、話題は多岐にわたる。	8	10	draft	Jev10/08 J1 ja0.99 en1.00 OK	Filler article with no effect on sales; unrelated to any item or dungeon.
FL_GEN_08	people			子どもたちの凧揚げ、空を彩る	街外れの丘で、子どもたちが凧を揚げて遊んでいる。	色とりどりの凧が空を泳ぐ様子に、見物に訪れる大人もいた。一番高く揚がった凧の持ち主は、鼻高々だった。	8	10	draft	Jev10/08 J1 ja0.93 en1.00 OK	Filler article with no effect on sales; unrelated to any item or dungeon.
FL_GEN_09	weather			夕焼けがきれいな一日	昨夕の空は、街全体が橙色に染まるほどの見事な夕焼けとなった。	広場には、足を止めて空を見上げる人の姿が多く見られた。画家たちは慌てて筆を取ったという。	8	10	draft	Jev10/08 J1 ja0.99 en1.00 OK	Filler article with no effect on sales; unrelated to any item or dungeon.
FL_GEN_10	village			古い石橋で、小さな結婚式	街の古い石橋の上で、ささやかな結婚式が行われた。	二人は子どもの頃、この橋で出会ったという。通りかかった人々から、花びらとお祝いの拍手が贈られた。	8	10	draft	Jev10/08 J1 ja0.99 en1.00 OK	Filler article with no effect on sales; unrelated to any item or dungeon.
